frame_index,timestamp_s,tracker_x,tracker_y,tracker_w,tracker_h,final_x,final_y,final_w,final_h,control_x,control_y,control_w,control_h,control_source,det_x,det_y,det_w,det_h,tracker_score,det_conf,det_count,best_detector_iou,best_center_distance_ratio,best_area_ratio,state,track_time_s,detect_time_s,init_time_s,fps,is_low_score,is_very_low_score,is_out_of_frame,center_delta_px,center_delta_ratio,area_ratio,is_large_jump,is_large_area_change,consecutive_suspicious,ambiguous_detection,soft_reinitializations,hard_reinitializations,background_lock_events,identity_state,identity_score,identity_face_found,identity_candidate_index,identity_target_ready,recognition_time_s,identity_reinit_blocks,eco_ready_warmed
0,0.8097992600087309,nan,nan,nan,nan,182.0,23.0,335.0,457.0,182.0,23.0,335.0,457.0,detector,182.0,23.0,335.0,457.0,,0.984298,1,nan,nan,nan,DETECTED_INITIALIZING,0.0,0.40246472200669814,0.0,1.2348739365225134,0,0,0,0.0,0.0,1.0,0,0,0,0,0,0,0,VERIFIED,1.0,1,0,1,0.3073994290025439,0,1
1,0.8711837790033314,nan,nan,nan,nan,nan,nan,nan,nan,182.0,23.0,335.0,457.0,held,nan,nan,nan,nan,,nan,0,nan,nan,nan,INITIALIZING,0.0,0.0,0.0,16.29075239781486,0,0,0,0.0,0.0,1.0,0,0,0,0,0,0,0,VERIFIED,1.0,1,0,1,0.0,0,1
2,0.8955857179971645,nan,nan,nan,nan,nan,nan,nan,nan,182.0,23.0,335.0,457.0,held,nan,nan,nan,nan,,nan,0,nan,nan,nan,INITIALIZING,0.0,0.0,0.0,40.980349973529755,0,0,0,0.0,0.0,1.0,0,0,0,0,0,0,0,VERIFIED,1.0,1,0,1,0.0,0,1
3,1.025486815997283,nan,nan,nan,nan,nan,nan,nan,nan,182.0,23.0,335.0,457.0,held,nan,nan,nan,nan,,nan,0,nan,nan,nan,INITIALIZING,0.0,0.0,0.0,7.698164337295191,0,0,0,0.0,0.0,1.0,0,0,0,0,0,0,0,VERIFIED,1.0,1,0,1,0.0,0,1
4,1.0396684360021027,nan,nan,nan,nan,nan,nan,nan,nan,182.0,23.0,335.0,457.0,held,nan,nan,nan,nan,,nan,0,nan,nan,nan,INITIALIZING,0.0,0.0,0.0,70.51380587409226,0,0,0,0.0,0.0,1.0,0,0,0,0,0,0,0,VERIFIED,1.0,1,0,1,0.0,0,1
5,1.0535376530024223,nan,nan,nan,nan,nan,nan,nan,nan,182.0,23.0,335.0,457.0,held,nan,nan,nan,nan,,nan,0,nan,nan,nan,INITIALIZING,0.0,0.0,0.0,72.10212371592098,0,0,0,0.0,0.0,1.0,0,0,0,0,0,0,0,VERIFIED,1.0,1,0,1,0.0,0,1
6,1.0897184930072399,nan,nan,nan,nan,nan,nan,nan,nan,182.0,23.0,335.0,457.0,held,nan,nan,nan,nan,,nan,0,nan,nan,nan,INITIALIZING,0.0,0.0,0.0,27.638938174648437,0,0,0,0.0,0.0,1.0,0,0,0,0,0,0,0,VERIFIED,1.0,1,0,1,0.0,0,1
7,1.1423601790011162,nan,nan,nan,nan,nan,nan,nan,nan,182.0,23.0,335.0,457.0,held,nan,nan,nan,nan,,nan,0,nan,nan,nan,INITIALIZING,0.0,0.0,0.0,18.996352056739365,0,0,0,0.0,0.0,1.0,0,0,0,0,0,0,0,VERIFIED,1.0,1,0,1,0.0,0,1
8,1.1897137070045574,nan,nan,nan,nan,nan,nan,nan,nan,182.0,23.0,335.0,457.0,held,nan,nan,nan,nan,,nan,0,nan,nan,nan,INITIALIZING,0.0,0.0,0.0,21.11775071811609,0,0,0,0.0,0.0,1.0,0,0,0,0,0,0,0,VERIFIED,1.0,1,0,1,0.0,0,1
9,1.2413014070043573,nan,nan,nan,nan,nan,nan,nan,nan,182.0,23.0,335.0,457.0,held,nan,nan,nan,nan,,nan,0,nan,nan,nan,INITIALIZING,0.0,0.0,0.0,19.38446567697102,0,0,0,0.0,0.0,1.0,0,0,0,0,0,0,0,VERIFIED,1.0,1,0,1,0.0,0,1
10,1.299447768004029,nan,nan,nan,nan,nan,nan,nan,nan,182.0,23.0,335.0,457.0,held,nan,nan,nan,nan,,nan,0,nan,nan,nan,INITIALIZING,0.0,0.0,0.0,17.197980798929883,0,0,0,0.0,0.0,1.0,0,0,0,0,0,0,0,VERIFIED,1.0,1,0,1,0.0,0,1
11,1.3521940409991657,nan,nan,nan,nan,nan,nan,nan,nan,182.0,23.0,335.0,457.0,held,nan,nan,nan,nan,,nan,0,nan,nan,nan,INITIALIZING,0.0,0.0,0.0,18.95868548081496,0,0,0,0.0,0.0,1.0,0,0,0,0,0,0,0,VERIFIED,1.0,1,0,1,0.0,0,1
12,1.4002237320091808,nan,nan,nan,nan,nan,nan,nan,nan,182.0,23.0,335.0,457.0,held,nan,nan,nan,nan,,nan,0,nan,nan,nan,INITIALIZING,0.0,0.0,0.0,20.820454576555186,0,0,0,0.0,0.0,1.0,0,0,0,0,0,0,0,VERIFIED,1.0,1,0,1,0.0,0,1
13,1.4521662860061042,nan,nan,nan,nan,nan,nan,nan,nan,182.0,23.0,335.0,457.0,held,nan,nan,nan,nan,,nan,0,nan,nan,nan,INITIALIZING,0.0,0.0,0.0,19.252037550160342,0,0,0,0.0,0.0,1.0,0,0,0,0,0,0,0,VERIFIED,1.0,1,0,1,0.0,0,1
14,1.5003068649966735,nan,nan,nan,nan,nan,nan,nan,nan,182.0,23.0,335.0,457.0,held,nan,nan,nan,nan,,nan,0,nan,nan,nan,INITIALIZING,0.0,0.0,0.0,20.772496321573083,0,0,0,0.0,0.0,1.0,0,0,0,0,0,0,0,VERIFIED,1.0,1,0,1,0.0,0,1
15,1.5475973700085888,nan,nan,nan,nan,nan,nan,nan,nan,182.0,23.0,335.0,457.0,held,nan,nan,nan,nan,,nan,0,nan,nan,nan,INITIALIZING,0.0,0.0,0.0,21.145893869140156,0,0,0,0.0,0.0,1.0,0,0,0,0,0,0,0,VERIFIED,1.0,1,0,1,0.0,0,1
16,1.5896475820045453,nan,nan,nan,nan,nan,nan,nan,nan,182.0,23.0,335.0,457.0,held,nan,nan,nan,nan,,nan,0,nan,nan,nan,INITIALIZING,0.0,0.0,0.0,23.781092948976312,0,0,0,0.0,0.0,1.0,0,0,0,0,0,0,0,VERIFIED,1.0,1,0,1,0.0,0,1
17,1.6423771870031487,nan,nan,nan,nan,nan,nan,nan,nan,182.0,23.0,335.0,457.0,held,nan,nan,nan,nan,,nan,0,nan,nan,nan,INITIALIZING,0.0,0.0,0.0,18.964678381840425,0,0,0,0.0,0.0,1.0,0,0,0,0,0,0,0,VERIFIED,1.0,1,0,1,0.0,0,1
18,1.69019390399626,nan,nan,nan,nan,nan,nan,nan,nan,182.0,23.0,335.0,457.0,held,nan,nan,nan,nan,,nan,0,nan,nan,nan,INITIALIZING,0.0,0.0,0.0,20.913188166892912,0,0,0,0.0,0.0,1.0,0,0,0,0,0,0,0,VERIFIED,1.0,1,0,1,0.0,0,1
19,1.7422278140002163,nan,nan,nan,nan,nan,nan,nan,nan,182.0,23.0,335.0,457.0,held,nan,nan,nan,nan,,nan,0,nan,nan,nan,INITIALIZING,0.0,0.0,0.0,19.218236721475762,0,0,0,0.0,0.0,1.0,0,0,0,0,0,0,0,VERIFIED,1.0,1,0,1,0.0,0,1
20,1.790417405005428,nan,nan,nan,nan,nan,nan,nan,nan,182.0,23.0,335.0,457.0,held,nan,nan,nan,nan,,nan,0,nan,nan,nan,INITIALIZING,0.0,0.0,0.0,20.751369313174916,0,0,0,0.0,0.0,1.0,0,0,0,0,0,0,0,VERIFIED,1.0,1,0,1,0.0,0,1
21,1.8422774570062757,nan,nan,nan,nan,nan,nan,nan,nan,182.0,23.0,335.0,457.0,held,nan,nan,nan,nan,,nan,0,nan,nan,nan,INITIALIZING,0.0,0.0,0.0,19.282664814598625,0,0,0,0.0,0.0,1.0,0,0,0,0,0,0,0,VERIFIED,1.0,1,0,1,0.0,0,1
22,1.8905448620062089,nan,nan,nan,nan,nan,nan,nan,nan,182.0,23.0,335.0,457.0,held,nan,nan,nan,nan,,nan,0,nan,nan,nan,INITIALIZING,0.0,0.0,0.0,20.717915123081173,0,0,0,0.0,0.0,1.0,0,0,0,0,0,0,0,VERIFIED,1.0,1,0,1,0.0,0,1
23,1.9414993690006668,nan,nan,nan,nan,nan,nan,nan,nan,182.0,23.0,335.0,457.0,held,nan,nan,nan,nan,,nan,0,nan,nan,nan,INITIALIZING,0.0,0.0,0.0,19.625349335805865,0,0,0,0.0,0.0,1.0,0,0,0,0,0,0,0,VERIFIED,1.0,1,0,1,0.0,0,1
24,1.9933912440028507,nan,nan,nan,nan,nan,nan,nan,nan,182.0,23.0,335.0,457.0,held,nan,nan,nan,nan,,nan,0,nan,nan,nan,INITIALIZING,0.0,0.0,0.0,19.270839605582058,0,0,0,0.0,0.0,1.0,0,0,0,0,0,0,0,VERIFIED,1.0,1,0,1,0.0,0,1
25,2.0431856170034735,nan,nan,nan,nan,nan,nan,nan,nan,182.0,23.0,335.0,457.0,held,nan,nan,nan,nan,,nan,0,nan,nan,nan,INITIALIZING,0.0,0.0,0.0,20.082590456305052,0,0,0,0.0,0.0,1.0,0,0,0,0,0,0,0,VERIFIED,1.0,1,0,1,0.0,0,1
26,2.0951084819971584,nan,nan,nan,nan,nan,nan,nan,nan,182.0,23.0,335.0,457.0,held,nan,nan,nan,nan,,nan,0,nan,nan,nan,INITIALIZING,0.0,0.0,0.0,19.259337868232507,0,0,0,0.0,0.0,1.0,0,0,0,0,0,0,0,VERIFIED,1.0,1,0,1,0.0,0,1
27,2.141639697001665,nan,nan,nan,nan,nan,nan,nan,nan,182.0,23.0,335.0,457.0,held,nan,nan,nan,nan,,nan,0,nan,nan,nan,INITIALIZING,0.0,0.0,0.0,21.490949675463032,0,0,0,0.0,0.0,1.0,0,0,0,0,0,0,0,VERIFIED,1.0,1,0,1,0.0,0,1
28,2.197608604998095,nan,nan,nan,nan,nan,nan,nan,nan,182.0,23.0,335.0,457.0,held,nan,nan,nan,nan,,nan,0,nan,nan,nan,INITIALIZING,0.0,0.0,0.0,17.8670629068515,0,0,0,0.0,0.0,1.0,0,0,0,0,0,0,0,VERIFIED,1.0,1,0,1,0.0,0,1
29,2.241406988003291,nan,nan,nan,nan,nan,nan,nan,nan,182.0,23.0,335.0,457.0,held,nan,nan,nan,nan,,nan,0,nan,nan,nan,INITIALIZING,0.0,0.0,0.0,22.83189312905365,0,0,0,0.0,0.0,1.0,0,0,0,0,0,0,0,VERIFIED,1.0,1,0,1,0.0,0,1
30,3.5124074510094943,nan,nan,nan,nan,nan,nan,nan,nan,182.0,23.0,335.0,457.0,held,nan,nan,nan,nan,,nan,0,nan,nan,nan,INITIALIZING,0.0,0.0,0.0,0.7867817747562217,0,0,0,0.0,0.0,1.0,0,0,0,0,0,0,0,VERIFIED,1.0,1,0,1,0.0,0,1
31,3.548795016002259,nan,nan,nan,nan,nan,nan,nan,nan,182.0,23.0,335.0,457.0,held,nan,nan,nan,nan,,nan,0,nan,nan,nan,INITIALIZING,0.0,0.0,0.0,27.481915874250795,0,0,0,0.0,0.0,1.0,0,0,0,0,0,0,0,VERIFIED,1.0,1,0,1,0.0,0,1
32,3.6006709009961924,nan,nan,nan,nan,nan,nan,nan,nan,182.0,23.0,335.0,457.0,held,nan,nan,nan,nan,,nan,0,nan,nan,nan,INITIALIZING,0.0,0.0,0.0,19.276779569484926,0,0,0,0.0,0.0,1.0,0,0,0,0,0,0,0,VERIFIED,1.0,1,0,1,0.0,0,1
33,3.6456785339978524,nan,nan,nan,nan,nan,nan,nan,nan,182.0,23.0,335.0,457.0,held,nan,nan,nan,nan,,nan,0,nan,nan,nan,INITIALIZING,0.0,0.0,0.0,22.21845347794934,0,0,0,0.0,0.0,1.0,0,0,0,0,0,0,0,VERIFIED,1.0,1,0,1,0.0,0,1
34,3.69373510000878,nan,nan,nan,nan,nan,nan,nan,nan,182.0,23.0,335.0,457.0,held,nan,nan,nan,nan,,nan,0,nan,nan,nan,INITIALIZING,0.0,0.0,0.0,20.80881101185228,0,0,0,0.0,0.0,1.0,0,0,0,0,0,0,0,VERIFIED,1.0,1,0,1,0.0,0,1
35,3.7466115849965718,nan,nan,nan,nan,nan,nan,nan,nan,182.0,23.0,335.0,457.0,held,nan,nan,nan,nan,,nan,0,nan,nan,nan,INITIALIZING,0.0,0.0,0.0,18.911998409706786,0,0,0,0.0,0.0,1.0,0,0,0,0,0,0,0,VERIFIED,1.0,1,0,1,0.0,0,1
36,3.7940568850026466,nan,nan,nan,nan,nan,nan,nan,nan,182.0,23.0,335.0,457.0,held,nan,nan,nan,nan,,nan,0,nan,nan,nan,INITIALIZING,0.0,0.0,0.0,21.076903294361326,0,0,0,0.0,0.0,1.0,0,0,0,0,0,0,0,VERIFIED,1.0,1,0,1,0.0,0,1
37,3.846486170004937,nan,nan,nan,nan,nan,nan,nan,nan,182.0,23.0,335.0,457.0,held,nan,nan,nan,nan,,nan,0,nan,nan,nan,INITIALIZING,0.0,0.0,0.0,19.07330988695186,0,0,0,0.0,0.0,1.0,0,0,0,0,0,0,0,VERIFIED,1.0,1,0,1,0.0,0,1
38,3.894403983009397,nan,nan,nan,nan,nan,nan,nan,nan,182.0,23.0,335.0,457.0,held,nan,nan,nan,nan,,nan,0,nan,nan,nan,INITIALIZING,0.0,0.0,0.0,20.869065954803073,0,0,0,0.0,0.0,1.0,0,0,0,0,0,0,0,VERIFIED,1.0,1,0,1,0.0,0,1
39,3.9465577930095606,nan,nan,nan,nan,nan,nan,nan,nan,182.0,23.0,335.0,457.0,held,nan,nan,nan,nan,,nan,0,nan,nan,nan,INITIALIZING,0.0,0.0,0.0,19.17405458962375,0,0,0,0.0,0.0,1.0,0,0,0,0,0,0,0,VERIFIED,1.0,1,0,1,0.0,0,1
40,3.998237474996131,nan,nan,nan,nan,nan,nan,nan,nan,182.0,23.0,335.0,457.0,held,nan,nan,nan,nan,,nan,0,nan,nan,nan,INITIALIZING,0.0,0.0,0.0,19.34996427144933,0,0,0,0.0,0.0,1.0,0,0,0,0,0,0,0,VERIFIED,1.0,1,0,1,0.0,0,1
41,4.046742906997679,nan,nan,nan,nan,nan,nan,nan,nan,182.0,23.0,335.0,457.0,held,nan,nan,nan,nan,,nan,0,nan,nan,nan,INITIALIZING,0.0,0.0,0.0,20.616247680632725,0,0,0,0.0,0.0,1.0,0,0,0,0,0,0,0,VERIFIED,1.0,1,0,1,0.0,0,1
42,4.0948635899985675,nan,nan,nan,nan,nan,nan,nan,nan,182.0,23.0,335.0,457.0,held,nan,nan,nan,nan,,nan,0,nan,nan,nan,INITIALIZING,0.0,0.0,0.0,20.781084923119906,0,0,0,0.0,0.0,1.0,0,0,0,0,0,0,0,VERIFIED,1.0,1,0,1,0.0,0,1
43,4.146559054002864,nan,nan,nan,nan,nan,nan,nan,nan,182.0,23.0,335.0,457.0,held,nan,nan,nan,nan,,nan,0,nan,nan,nan,INITIALIZING,0.0,0.0,0.0,19.344056954723964,0,0,0,0.0,0.0,1.0,0,0,0,0,0,0,0,VERIFIED,1.0,1,0,1,0.0,0,1
44,4.194689580996055,nan,nan,nan,nan,nan,nan,nan,nan,182.0,23.0,335.0,457.0,held,nan,nan,nan,nan,,nan,0,nan,nan,nan,INITIALIZING,0.0,0.0,0.0,20.776834630160444,0,0,0,0.0,0.0,1.0,0,0,0,0,0,0,0,VERIFIED,1.0,1,0,1,0.0,0,1
45,4.24557564900897,nan,nan,nan,nan,nan,nan,nan,nan,182.0,23.0,335.0,457.0,held,nan,nan,nan,nan,,nan,0,nan,nan,nan,INITIALIZING,0.0,0.0,0.0,19.651744358518823,0,0,0,0.0,0.0,1.0,0,0,0,0,0,0,0,VERIFIED,1.0,1,0,1,0.0,0,1
46,4.293632423999952,nan,nan,nan,nan,nan,nan,nan,nan,182.0,23.0,335.0,457.0,held,nan,nan,nan,nan,,nan,0,nan,nan,nan,INITIALIZING,0.0,0.0,0.0,20.80872052249959,0,0,0,0.0,0.0,1.0,0,0,0,0,0,0,0,VERIFIED,1.0,1,0,1,0.0,0,1
47,4.346023270001751,nan,nan,nan,nan,nan,nan,nan,nan,182.0,23.0,335.0,457.0,held,nan,nan,nan,nan,,nan,0,nan,nan,nan,INITIALIZING,0.0,0.0,0.0,19.08730391499419,0,0,0,0.0,0.0,1.0,0,0,0,0,0,0,0,VERIFIED,1.0,1,0,1,0.0,0,1
48,4.39403134600434,nan,nan,nan,nan,nan,nan,nan,nan,182.0,23.0,335.0,457.0,held,nan,nan,nan,nan,,nan,0,nan,nan,nan,INITIALIZING,0.0,0.0,0.0,20.829828713528993,0,0,0,0.0,0.0,1.0,0,0,0,0,0,0,0,VERIFIED,1.0,1,0,1,0.0,0,1
49,4.44568493400584,nan,nan,nan,nan,nan,nan,nan,nan,182.0,23.0,335.0,457.0,held,nan,nan,nan,nan,,nan,0,nan,nan,nan,INITIALIZING,0.0,0.0,0.0,19.359739346102398,0,0,0,0.0,0.0,1.0,0,0,0,0,0,0,0,VERIFIED,1.0,1,0,1,0.0,0,1
50,4.493771866007592,nan,nan,nan,nan,nan,nan,nan,nan,182.0,23.0,335.0,457.0,held,nan,nan,nan,nan,,nan,0,nan,nan,nan,INITIALIZING,0.0,0.0,0.0,20.795670640072633,0,0,0,0.0,0.0,1.0,0,0,0,0,0,0,0,VERIFIED,1.0,1,0,1,0.0,0,1
51,4.546388447008212,nan,nan,nan,nan,nan,nan,nan,nan,182.0,23.0,335.0,457.0,held,nan,nan,nan,nan,,nan,0,nan,nan,nan,INITIALIZING,0.0,0.0,0.0,19.00541580206831,0,0,0,0.0,0.0,1.0,0,0,0,0,0,0,0,VERIFIED,1.0,1,0,1,0.0,0,1
52,4.594345637000515,nan,nan,nan,nan,nan,nan,nan,nan,182.0,23.0,335.0,457.0,held,nan,nan,nan,nan,,nan,0,nan,nan,nan,INITIALIZING,0.0,0.0,0.0,20.85193065232756,0,0,0,0.0,0.0,1.0,0,0,0,0,0,0,0,VERIFIED,1.0,1,0,1,0.0,0,1
53,4.646654709998984,nan,nan,nan,nan,nan,nan,nan,nan,182.0,23.0,335.0,457.0,held,nan,nan,nan,nan,,nan,0,nan,nan,nan,INITIALIZING,0.0,0.0,0.0,19.11714245116278,0,0,0,0.0,0.0,1.0,0,0,0,0,0,0,0,VERIFIED,1.0,1,0,1,0.0,0,1
54,4.6946903909993125,nan,nan,nan,nan,nan,nan,nan,nan,182.0,23.0,335.0,457.0,held,nan,nan,nan,nan,,nan,0,nan,nan,nan,INITIALIZING,0.0,0.0,0.0,20.817858291488754,0,0,0,0.0,0.0,1.0,0,0,0,0,0,0,0,VERIFIED,1.0,1,0,1,0.0,0,1
55,4.750967485000729,nan,nan,nan,nan,nan,nan,nan,nan,182.0,23.0,335.0,457.0,held,nan,nan,nan,nan,,nan,0,nan,nan,nan,INITIALIZING,0.0,0.0,0.0,17.76921885793955,0,0,0,0.0,0.0,1.0,0,0,0,0,0,0,0,VERIFIED,1.0,1,0,1,0.0,0,1
56,4.820369348002714,nan,nan,nan,nan,nan,nan,nan,nan,182.0,23.0,335.0,457.0,held,nan,nan,nan,nan,,nan,0,nan,nan,nan,INITIALIZING,0.0,0.0,0.0,14.408835105354328,0,0,0,0.0,0.0,1.0,0,0,0,0,0,0,0,VERIFIED,1.0,1,0,1,0.0,0,1
57,4.855728395996266,nan,nan,nan,nan,nan,nan,nan,nan,182.0,23.0,335.0,457.0,held,nan,nan,nan,nan,,nan,0,nan,nan,nan,INITIALIZING,0.0,0.0,0.0,28.281304411316718,0,0,0,0.0,0.0,1.0,0,0,0,0,0,0,0,VERIFIED,1.0,1,0,1,0.0,0,1
58,4.903110414001276,nan,nan,nan,nan,nan,nan,nan,nan,182.0,23.0,335.0,457.0,held,nan,nan,nan,nan,,nan,0,nan,nan,nan,INITIALIZING,0.0,0.0,0.0,21.10505297377307,0,0,0,0.0,0.0,1.0,0,0,0,0,0,0,0,VERIFIED,1.0,1,0,1,0.0,0,1
59,4.9491315110062715,nan,nan,nan,nan,nan,nan,nan,nan,182.0,23.0,335.0,457.0,held,nan,nan,nan,nan,,nan,0,nan,nan,nan,INITIALIZING,0.0,0.0,0.0,21.72916477613404,0,0,0,0.0,0.0,1.0,0,0,0,0,0,0,0,VERIFIED,1.0,1,0,1,0.0,0,1
60,5.376083383001969,182.0,23.0,335.0,457.0,182.0,23.0,335.0,457.0,179.0,26.0,338.0,454.0,detector,179.0,26.0,338.0,454.0,0.9198044538497925,0.985648,1,0.9846753465365765,0.002651650429449553,1.002331885430615,DETECTOR_CONFIRMED,0.04966296300699469,0.15498138799739536,4.185519498001668,2.342184366883574,0,0,0,0.0,0.0,1.0,0,0,0,0,0,0,0,VERIFIED,0.865648,1,0,1,0.15977984700293746,0,1
61,5.438947107002605,182.0,23.0,335.0,457.0,182.0,23.0,335.0,457.0,180.05,24.950000000000003,336.95,455.05,tracker,nan,nan,nan,nan,0.9101718068122864,nan,0,nan,nan,nan,TRACKING,0.04881476399896201,0.0,0.0,15.907425401490531,0,0,0,0.0,0.0,1.0,0,0,0,0,0,0,0,VERIFIED,0.865648,1,0,1,0.0,0,1
62,5.502554496008088,182.0,23.0,335.0,457.0,182.0,23.0,335.0,457.0,180.73250000000002,24.2675,336.2675,455.7325,tracker,nan,nan,nan,nan,0.9063167572021484,nan,0,nan,nan,nan,TRACKING,0.05060699800378643,0.0,0.0,15.721443933405242,0,0,0,0.0,0.0,1.0,0,0,0,0,0,0,0,VERIFIED,0.865648,1,0,1,0.0,0,1
63,5.5582498559961095,182.0,23.0,335.0,457.0,182.0,23.0,335.0,457.0,181.176125,23.823875,335.823875,456.176125,tracker,nan,nan,nan,nan,0.9024924635887146,nan,0,nan,nan,nan,TRACKING,0.04198041900235694,0.0,0.0,17.95481706582144,0,0,0,0.0,0.0,1.0,0,0,0,0,0,0,0,VERIFIED,0.865648,1,0,1,0.0,0,1
64,5.61707347400079,182.0,23.0,335.0,457.0,182.0,23.0,335.0,457.0,181.46448125,23.53551875,335.53551875,456.46448125,tracker,nan,nan,nan,nan,0.9036337733268738,nan,0,nan,nan,nan,TRACKING,0.0460944840015145,0.0,0.0,16.999974396685865,0,0,0,0.0,0.0,1.0,0,0,0,0,0,0,0,VERIFIED,0.865648,1,0,1,0.0,0,1
65,5.6744527840055525,182.0,23.0,335.0,457.0,182.0,23.0,335.0,457.0,181.6519128125,23.3480871875,335.34808718749997,456.6519128125,tracker,nan,nan,nan,nan,0.908859372138977,nan,0,nan,nan,nan,TRACKING,0.044762677993276156,0.0,0.0,17.427884718673017,0,0,0,0.0,0.0,1.0,0,0,0,0,0,0,0,VERIFIED,0.865648,1,0,1,0.0,0,1
66,5.726125695000519,182.0,23.0,335.0,457.0,182.0,23.0,335.0,457.0,181.773743328125,23.226256671875,335.226256671875,456.77374332812497,tracker,nan,nan,nan,nan,0.9189744591712952,nan,0,nan,nan,nan,TRACKING,0.03929737998987548,0.0,0.0,19.352499805892695,0,0,0,0.0,0.0,1.0,0,0,0,0,0,0,0,VERIFIED,0.865648,1,0,1,0.0,0,1
67,5.776191324999672,182.0,23.0,335.0,457.0,182.0,23.0,335.0,457.0,181.85293316328125,23.14706683671875,335.14706683671875,456.85293316328125,tracker,nan,nan,nan,nan,0.9041226506233215,nan,0,nan,nan,nan,TRACKING,0.0374924370116787,0.0,0.0,19.973782413542214,0,0,0,0.0,0.0,1.0,0,0,0,0,0,0,0,VERIFIED,0.865648,1,0,1,0.0,0,1
68,5.8327946250065,182.0,23.0,335.0,457.0,182.0,23.0,335.0,457.0,181.9044065561328,23.095593443867187,335.0955934438672,456.9044065561328,tracker,nan,nan,nan,nan,0.9106658101081848,nan,0,nan,nan,nan,TRACKING,0.03659845500078518,0.0,0.0,17.666814476883552,0,0,0,0.0,0.0,1.0,0,0,0,0,0,0,0,VERIFIED,0.865648,1,0,1,0.0,0,1
69,5.880235082004219,182.0,23.0,335.0,457.0,182.0,23.0,335.0,457.0,181.93786426148634,23.06213573851367,335.0621357385137,456.9378642614863,tracker,nan,nan,nan,nan,0.9102839827537537,nan,0,nan,nan,nan,TRACKING,0.034989245992619544,0.0,0.0,21.07905495193836,0,0,0,0.0,0.0,1.0,0,0,0,0,0,0,0,VERIFIED,0.865648,1,0,1,0.0,0,1
70,6.121575183002278,182.0,23.0,335.0,457.0,182.0,23.0,335.0,457.0,180.0,26.0,337.0,454.0,detector,180.0,26.0,337.0,454.0,0.9191330075263977,0.984802,1,0.987578164061739,0.002253469547164993,1.0006339952156238,DETECTOR_CONFIRMED,0.03733503699186258,0.189718701003585,0.0,4.143530212610804,0,0,0,0.0,0.0,1.0,0,0,0,0,0,0,0,VERIFIED,0.865648,1,0,1,0.0,0,1
71,6.196505940009956,182.0,23.0,335.0,457.0,182.0,23.0,335.0,457.0,180.7,24.950000000000003,336.3,455.05,tracker,nan,nan,nan,nan,0.9078348278999329,nan,0,nan,nan,nan,TRACKING,0.05334540200419724,0.0,0.0,13.345654574096075,0,0,0,0.0,0.0,1.0,0,0,0,0,0,0,0,VERIFIED,0.865648,1,0,1,0.0,0,1
72,6.255180856998777,182.0,23.0,335.0,457.0,182.0,23.0,335.0,457.0,181.155,24.2675,335.845,455.7325,tracker,nan,nan,nan,nan,0.9090853333473206,nan,0,nan,nan,nan,TRACKING,0.04602844000328332,0.0,0.0,17.043057771867463,0,0,0,0.0,0.0,1.0,0,0,0,0,0,0,0,VERIFIED,0.865648,1,0,1,0.0,0,1
73,6.3074823260103585,182.0,23.0,335.0,457.0,182.0,23.0,335.0,457.0,181.45075,23.823875,335.54925000000003,456.176125,tracker,nan,nan,nan,nan,0.9056640267372131,nan,0,nan,nan,nan,TRACKING,0.039759996012435295,0.0,0.0,19.11992184729195,0,0,0,0.0,0.0,1.0,0,0,0,0,0,0,0,VERIFIED,0.865648,1,0,1,0.0,0,1
74,6.360221099006594,182.0,23.0,335.0,457.0,182.0,23.0,335.0,457.0,181.6429875,23.53551875,335.3570125,456.46448125,tracker,nan,nan,nan,nan,0.9038608074188232,nan,0,nan,nan,nan,TRACKING,0.04000380499928724,0.0,0.0,18.96138160194545,0,0,0,0.0,0.0,1.0,0,0,0,0,0,0,0,VERIFIED,0.865648,1,0,1,0.0,0,1
75,6.410429544004728,182.0,23.0,335.0,457.0,182.0,23.0,335.0,457.0,181.767941875,23.3480871875,335.232058125,456.6519128125,tracker,nan,nan,nan,nan,0.9119532704353333,nan,0,nan,nan,nan,TRACKING,0.03744873800314963,0.0,0.0,19.916968152213567,0,0,0,0.0,0.0,1.0,0,0,0,0,0,0,0,VERIFIED,0.865648,1,0,1,0.0,0,1
76,6.460707680002088,182.0,23.0,335.0,457.0,182.0,23.0,335.0,457.0,181.84916221875,23.226256671875,335.15083778125,456.77374332812497,tracker,nan,nan,nan,nan,0.9021365642547607,nan,0,nan,nan,nan,TRACKING,0.037749787006760016,0.0,0.0,19.88936105452507,0,0,0,0.0,0.0,1.0,0,0,0,0,0,0,0,VERIFIED,0.865648,1,0,1,0.0,0,1
77,6.509129619997111,182.0,23.0,335.0,457.0,182.0,23.0,335.0,457.0,181.9019554421875,23.14706683671875,335.0980445578125,456.85293316328125,tracker,nan,nan,nan,nan,0.9121766686439514,nan,0,nan,nan,nan,TRACKING,0.0357539020042168,0.0,0.0,20.651795448566812,0,0,0,0.0,0.0,1.0,0,0,0,0,0,0,0,VERIFIED,0.865648,1,0,1,0.0,0,1
78,6.558565180996084,182.0,23.0,335.0,457.0,182.0,23.0,335.0,457.0,181.93627103742188,23.095593443867187,335.0637289625781,456.9044065561328,tracker,nan,nan,nan,nan,0.9150200486183167,nan,0,nan,nan,nan,TRACKING,0.03681262799364049,0.0,0.0,20.228353432072602,0,0,0,0.0,0.0,1.0,0,0,0,0,0,0,0,VERIFIED,0.865648,1,0,1,0.0,0,1
79,6.608011420001276,182.0,23.0,335.0,457.0,182.0,23.0,335.0,457.0,181.9585761743242,23.06213573851367,335.0414238256758,456.9378642614863,tracker,nan,nan,nan,nan,0.9135592579841614,nan,0,nan,nan,nan,TRACKING,0.036788929006434046,0.0,0.0,20.223985081959285,0,0,0,0.0,0.0,1.0,0,0,0,0,0,0,0,VERIFIED,0.865648,1,0,1,0.0,0,1
80,6.838619053000002,182.0,23.0,335.0,457.0,182.0,23.0,335.0,457.0,179.0,26.0,335.0,454.0,detector,179.0,26.0,335.0,454.0,0.9107491970062256,0.987068,1,0.9758573583586371,0.004192627457812106,1.0066079295154184,DETECTOR_CONFIRMED,0.04288898401136976,0.17293940899253357,0.0,4.33636990673905,0,0,0,0.0,0.0,1.0,0,0,0,0,0,0,0,VERIFIED,0.865648,1,0,1,0.0,0,1
81,6.9082319640001515,182.0,23.0,335.0,457.0,182.0,23.0,335.0,457.0,180.05,24.950000000000003,335.0,455.05,tracker,nan,nan,nan,nan,0.9066477417945862,nan,0,nan,nan,nan,TRACKING,0.05383484200865496,0.0,0.0,14.365151315075087,0,0,0,0.0,0.0,1.0,0,0,0,0,0,0,0,VERIFIED,0.865648,1,0,1,0.0,0,1
82,6.956586038009846,182.0,23.0,335.0,457.0,182.0,23.0,335.0,457.0,180.73250000000002,24.2675,335.0,455.7325,tracker,nan,nan,nan,nan,0.9031260013580322,nan,0,nan,nan,nan,TRACKING,0.03583171700302046,0.0,0.0,20.680780688707166,0,0,0,0.0,0.0,1.0,0,0,0,0,0,0,0,VERIFIED,0.865648,1,0,1,0.0,0,1
83,7.010489216001588,182.0,23.0,335.0,457.0,182.0,23.0,335.0,457.0,181.176125,23.823875,335.0,456.176125,tracker,nan,nan,nan,nan,0.9053558707237244,nan,0,nan,nan,nan,TRACKING,0.04113383399089798,0.0,0.0,18.551781866241647,0,0,0,0.0,0.0,1.0,0,0,0,0,0,0,0,VERIFIED,0.865648,1,0,1,0.0,0,1
84,7.165909678005846,182.0,23.0,335.0,457.0,182.0,23.0,335.0,457.0,181.46448125,23.53551875,335.0,456.46448125,tracker,nan,nan,nan,nan,0.9049271941184998,nan,0,nan,nan,nan,TRACKING,0.14249595899309497,0.0,0.0,6.434159229127768,0,0,0,0.0,0.0,1.0,0,0,0,0,0,0,0,VERIFIED,0.865648,1,0,1,0.0,0,1
85,7.21368295600405,182.0,23.0,335.0,457.0,182.0,23.0,335.0,457.0,181.6519128125,23.3480871875,335.0,456.6519128125,tracker,nan,nan,nan,nan,0.918397843837738,nan,0,nan,nan,nan,TRACKING,0.035211855996749364,0.0,0.0,20.932203983105506,0,0,0,0.0,0.0,1.0,0,0,0,0,0,0,0,VERIFIED,0.865648,1,0,1,0.0,0,1
86,7.27458767099597,182.0,23.0,335.0,457.0,182.0,23.0,335.0,457.0,181.773743328125,23.226256671875,335.0,456.77374332812497,tracker,nan,nan,nan,nan,0.9177893400192261,nan,0,nan,nan,nan,TRACKING,0.04812823500833474,0.0,0.0,16.41909005128184,0,0,0,0.0,0.0,1.0,0,0,0,0,0,0,0,VERIFIED,0.865648,1,0,1,0.0,0,1
87,7.337278942010016,182.0,23.0,335.0,457.0,182.0,23.0,335.0,457.0,181.85293316328125,23.14706683671875,335.0,456.85293316328125,tracker,nan,nan,nan,nan,0.9185034036636353,nan,0,nan,nan,nan,TRACKING,0.04979411199747119,0.0,0.0,15.951184013735356,0,0,0,0.0,0.0,1.0,0,0,0,0,0,0,0,VERIFIED,0.865648,1,0,1,0.0,0,1
88,7.394140791002428,182.0,23.0,335.0,457.0,182.0,23.0,335.0,457.0,181.9044065561328,23.095593443867187,335.0,456.9044065561328,tracker,nan,nan,nan,nan,0.9150324463844299,nan,0,nan,nan,nan,TRACKING,0.043498999992152676,0.0,0.0,17.586484043694156,0,0,0,0.0,0.0,1.0,0,0,0,0,0,0,0,VERIFIED,0.865648,1,0,1,0.0,0,1
89,7.445316710000043,182.0,23.0,335.0,457.0,182.0,23.0,335.0,457.0,181.93786426148634,23.06213573851367,335.0,456.9378642614863,tracker,nan,nan,nan,nan,0.9149630665779114,nan,0,nan,nan,nan,TRACKING,0.03812594299961347,0.0,0.0,19.540440495980363,0,0,0,0.0,0.0,1.0,0,0,0,0,0,0,0,VERIFIED,0.865648,1,0,1,0.0,0,1
90,7.8290575580031145,182.0,23.0,335.0,457.0,182.0,23.0,335.0,457.0,176.0,25.0,345.0,455.0,detector,176.0,25.0,345.0,455.0,0.9111584424972534,0.983506,1,0.9668876272637889,0.0017677669529663688,1.025343740814527,DETECTOR_CONFIRMED,0.041110603997367434,0.224187465995783,0.0,2.6059253405099976,0,0,0,0.0,0.0,1.0,0,0,0,0,0,0,0,VERIFIED,0.798649,1,0,1,0.10278226500668097,0,1
91,7.879421842008014,182.0,23.0,335.0,457.0,182.0,23.0,335.0,457.0,178.1,24.299999999999997,341.5,455.7,tracker,nan,nan,nan,nan,0.9147914052009583,nan,0,nan,nan,nan,TRACKING,0.034000888001173735,0.0,0.0,19.855340342031177,0,0,0,0.0,0.0,1.0,0,0,0,0,0,0,0,VERIFIED,0.798649,1,0,1,0.0,0,1
92,7.939726124008303,182.0,23.0,335.0,457.0,182.0,23.0,335.0,457.0,179.465,23.845,339.22499999999997,456.155,tracker,nan,nan,nan,nan,0.9039157032966614,nan,0,nan,nan,nan,TRACKING,0.04719164800189901,0.0,0.0,16.582570371954983,0,0,0,0.0,0.0,1.0,0,0,0,0,0,0,0,VERIFIED,0.798649,1,0,1,0.0,0,1
93,7.997320544003742,182.0,23.0,335.0,457.0,182.0,23.0,335.0,457.0,180.35225,23.54925,337.74625,456.45074999999997,tracker,nan,nan,nan,nan,0.8999747633934021,nan,0,nan,nan,nan,TRACKING,0.04351212500478141,0.0,0.0,17.36279313307066,0,0,0,0.0,0.0,1.0,0,0,0,0,0,0,0,VERIFIED,0.798649,1,0,1,0.0,0,1
94,8.055925563006895,182.0,23.0,335.0,457.0,182.0,23.0,335.0,457.0,180.9289625,23.3570125,336.7850625,456.6429875,tracker,nan,nan,nan,nan,0.904729425907135,nan,0,nan,nan,nan,TRACKING,0.045781506996718235,0.0,0.0,17.0633849627487,0,0,0,0.0,0.0,1.0,0,0,0,0,0,0,0,VERIFIED,0.798649,1,0,1,0.0,0,1
95,8.108840120999957,182.0,23.0,335.0,457.0,182.0,23.0,335.0,457.0,181.303825625,23.232058125000002,336.16029062499996,456.767941875,tracker,nan,nan,nan,nan,0.9090496897697449,nan,0,nan,nan,nan,TRACKING,0.0399695849919226,0.0,0.0,18.898390876308603,0,0,0,0.0,0.0,1.0,0,0,0,0,0,0,0,VERIFIED,0.798649,1,0,1,0.0,0,1
96,8.17692622100003,182.0,23.0,335.0,457.0,182.0,23.0,335.0,457.0,181.54748665625,23.15083778125,335.75418890624996,456.84916221875,tracker,nan,nan,nan,nan,0.911270022392273,nan,0,nan,nan,nan,TRACKING,0.054868046994670294,0.0,0.0,14.687285657409147,0,0,0,0.0,0.0,1.0,0,0,0,0,0,0,0,VERIFIED,0.798649,1,0,1,0.0,0,1
97,8.234195892000571,182.0,23.0,335.0,457.0,182.0,23.0,335.0,457.0,181.7058663265625,23.0980445578125,335.49022278906244,456.9019554421875,tracker,nan,nan,nan,nan,0.9098935723304749,nan,0,nan,nan,nan,TRACKING,0.04426808300195262,0.0,0.0,17.4612492533887,0,0,0,0.0,0.0,1.0,0,0,0,0,0,0,0,VERIFIED,0.798649,1,0,1,0.0,0,1
98,8.283951200995944,182.0,23.0,335.0,457.0,182.0,23.0,335.0,457.0,181.80881311226563,23.063728962578125,335.31864481289057,456.9362710374219,tracker,nan,nan,nan,nan,0.9077457189559937,nan,0,nan,nan,nan,TRACKING,0.03727342099591624,0.0,0.0,20.09835774696933,0,0,0,0.0,0.0,1.0,0,0,0,0,0,0,0,VERIFIED,0.798649,1,0,1,0.0,0,1
99,8.338057822009432,182.0,23.0,335.0,457.0,182.0,23.0,335.0,457.0,181.87572852297265,23.04142382567578,335.20711912837885,456.9585761743242,tracker,nan,nan,nan,nan,0.9114946126937866,nan,0,nan,nan,nan,TRACKING,0.041125031988485716,0.0,0.0,18.482026437221112,0,0,0,0.0,0.0,1.0,0,0,0,0,0,0,0,VERIFIED,0.798649,1,0,1,0.0,0,1
100,8.539199113001814,182.0,23.0,335.0,457.0,182.0,23.0,335.0,457.0,179.0,26.0,336.0,454.0,detector,179.0,26.0,336.0,454.0,0.9039844870567322,0.985184,1,0.9787966877512835,0.003644344934278313,1.003612072582337,DETECTOR_CONFIRMED,0.03424375900067389,0.152084229994216,0.0,4.9716296194890885,0,0,0,0.0,0.0,1.0,0,0,0,0,0,0,0,VERIFIED,0.798649,1,0,1,0.0,0,1
101,8.586751187001937,182.0,23.0,335.0,457.0,182.0,23.0,335.0,457.0,180.05,24.950000000000003,335.65,455.05,tracker,nan,nan,nan,nan,0.9077540636062622,nan,0,nan,nan,nan,TRACKING,0.03450084899668582,0.0,0.0,21.0295769643489,0,0,0,0.0,0.0,1.0,0,0,0,0,0,0,0,VERIFIED,0.798649,1,0,1,0.0,0,1
102,8.646493007006939,182.0,23.0,335.0,457.0,182.0,23.0,335.0,457.0,180.73250000000002,24.2675,335.42249999999996,455.7325,tracker,nan,nan,nan,nan,0.9121289849281311,nan,0,nan,nan,nan,TRACKING,0.03845339998952113,0.0,0.0,16.738693262379375,0,0,0,0.0,0.0,1.0,0,0,0,0,0,0,0,VERIFIED,0.798649,1,0,1,0.0,0,1
103,8.706070708009065,182.0,23.0,335.0,457.0,182.0,23.0,335.0,457.0,181.176125,23.823875,335.27462499999996,456.176125,tracker,nan,nan,nan,nan,0.9104679226875305,nan,0,nan,nan,nan,TRACKING,0.046893463004380465,0.0,0.0,16.784803427784265,0,0,0,0.0,0.0,1.0,0,0,0,0,0,0,0,VERIFIED,0.798649,1,0,1,0.0,0,1
104,8.768659371999092,182.0,23.0,335.0,457.0,182.0,23.0,335.0,457.0,181.46448125,23.53551875,335.17850624999994,456.46448125,tracker,nan,nan,nan,nan,0.9084888100624084,nan,0,nan,nan,nan,TRACKING,0.049563637003302574,0.0,0.0,15.977334172835796,0,0,0,0.0,0.0,1.0,0,0,0,0,0,0,0,VERIFIED,0.798649,1,0,1,0.0,0,1
105,8.831092200009152,182.0,23.0,335.0,457.0,182.0,23.0,335.0,457.0,181.6519128125,23.3480871875,335.11602906249993,456.6519128125,tracker,nan,nan,nan,nan,0.9126027822494507,nan,0,nan,nan,nan,TRACKING,0.049395350986742415,0.0,0.0,16.017214530773273,0,0,0,0.0,0.0,1.0,0,0,0,0,0,0,0,VERIFIED,0.798649,1,0,1,0.0,0,1
106,8.886444008996477,182.0,23.0,335.0,457.0,182.0,23.0,335.0,457.0,181.773743328125,23.226256671875,335.075418890625,456.77374332812497,tracker,nan,nan,nan,nan,0.910236656665802,nan,0,nan,nan,nan,TRACKING,0.04224271701241378,0.0,0.0,18.066256881125398,0,0,0,0.0,0.0,1.0,0,0,0,0,0,0,0,VERIFIED,0.798649,1,0,1,0.0,0,1
107,8.940982879998046,182.0,23.0,335.0,457.0,182.0,23.0,335.0,457.0,181.85293316328125,23.14706683671875,335.04902227890625,456.85293316328125,tracker,nan,nan,nan,nan,0.9083016514778137,nan,0,nan,nan,nan,TRACKING,0.041095655993558466,0.0,0.0,18.3355464026976,0,0,0,0.0,0.0,1.0,0,0,0,0,0,0,0,VERIFIED,0.798649,1,0,1,0.0,0,1
108,8.998257396000554,182.0,23.0,335.0,457.0,182.0,23.0,335.0,457.0,181.9044065561328,23.095593443867187,335.03186448128906,456.9044065561328,tracker,nan,nan,nan,nan,0.9110369086265564,nan,0,nan,nan,nan,TRACKING,0.0444052740058396,0.0,0.0,17.45977216038304,0,0,0,0.0,0.0,1.0,0,0,0,0,0,0,0,VERIFIED,0.798649,1,0,1,0.0,0,1
109,9.080182086006971,182.0,23.0,335.0,457.0,182.0,23.0,335.0,457.0,181.93786426148634,23.06213573851367,335.0207119128379,456.9378642614863,tracker,nan,nan,nan,nan,0.9089328050613403,nan,0,nan,nan,nan,TRACKING,0.06964754698856268,0.0,0.0,12.20633242459226,0,0,0,0.0,0.0,1.0,0,0,0,0,0,0,0,VERIFIED,0.798649,1,0,1,0.0,0,1
110,9.360567580995848,182.0,23.0,335.0,457.0,182.0,23.0,335.0,457.0,177.0,25.0,344.0,455.0,detector,177.0,25.0,344.0,455.0,0.9171220660209656,0.984041,1,0.9696863668172275,0.0013975424859373686,1.0223717299715862,DETECTOR_CONFIRMED,0.04212521399313118,0.2237063069915166,0.0,3.566518303807653,0,0,0,0.0,0.0,1.0,0,0,0,0,0,0,0,VERIFIED,0.798649,1,0,1,0.0,0,1
111,9.415435836010147,182.0,23.0,335.0,457.0,182.0,23.0,335.0,457.0,178.75,24.299999999999997,340.84999999999997,455.7,tracker,nan,nan,nan,nan,0.914207398891449,nan,0,nan,nan,nan,TRACKING,0.04143102900707163,0.0,0.0,18.225474816711472,0,0,0,0.0,0.0,1.0,0,0,0,0,0,0,0,VERIFIED,0.798649,1,0,1,0.0,0,1
112,9.46897119100322,182.0,23.0,335.0,457.0,182.0,23.0,335.0,457.0,179.8875,23.845,338.80249999999995,456.155,tracker,nan,nan,nan,nan,0.9092535972595215,nan,0,nan,nan,nan,TRACKING,0.040616008001961745,0.0,0.0,18.67924477439976,0,0,0,0.0,0.0,1.0,0,0,0,0,0,0,0,VERIFIED,0.798649,1,0,1,0.0,0,1
113,9.534934527007863,182.0,23.0,335.0,457.0,182.0,23.0,335.0,457.0,180.62687499999998,23.54925,337.47162499999996,456.45074999999997,tracker,nan,nan,nan,nan,0.9083752036094666,nan,0,nan,nan,nan,TRACKING,0.04315138701349497,0.0,0.0,15.159936724995472,0,0,0,0.0,0.0,1.0,0,0,0,0,0,0,0,VERIFIED,0.798649,1,0,1,0.0,0,1
114,9.589276049999171,182.0,23.0,335.0,457.0,182.0,23.0,335.0,457.0,181.10746874999998,23.3570125,336.60655625,456.6429875,tracker,nan,nan,nan,nan,0.9137493371963501,nan,0,nan,nan,nan,TRACKING,0.04130587000690866,0.0,0.0,18.402134223583523,0,0,0,0.0,0.0,1.0,0,0,0,0,0,0,0,VERIFIED,0.798649,1,0,1,0.0,0,1
115,9.641271833999781,182.0,23.0,335.0,457.0,182.0,23.0,335.0,457.0,181.4198546875,23.232058125000002,336.04426156249997,456.767941875,tracker,nan,nan,nan,nan,0.9088480472564697,nan,0,nan,nan,nan,TRACKING,0.03907180100213736,0.0,0.0,19.23232852856432,0,0,0,0.0,0.0,1.0,0,0,0,0,0,0,0,VERIFIED,0.798649,1,0,1,0.0,0,1
116,9.689444810006535,182.0,23.0,335.0,457.0,182.0,23.0,335.0,457.0,181.622905546875,23.15083778125,335.678770015625,456.84916221875,tracker,nan,nan,nan,nan,0.9105750322341919,nan,0,nan,nan,nan,TRACKING,0.035384204995352775,0.0,0.0,20.758526520342073,0,0,0,0.0,0.0,1.0,0,0,0,0,0,0,0,VERIFIED,0.798649,1,0,1,0.0,0,1
117,9.739511845997185,182.0,23.0,335.0,457.0,182.0,23.0,335.0,457.0,181.75488860546875,23.0980445578125,335.44120051015625,456.9019554421875,tracker,nan,nan,nan,nan,0.9148465394973755,nan,0,nan,nan,nan,TRACKING,0.037020497999037616,0.0,0.0,19.973221506196897,0,0,0,0.0,0.0,1.0,0,0,0,0,0,0,0,VERIFIED,0.798649,1,0,1,0.0,0,1
118,9.790651044997503,182.0,23.0,335.0,457.0,182.0,23.0,335.0,457.0,181.8406775935547,23.063728962578125,335.28678033160156,456.9362710374219,tracker,nan,nan,nan,nan,0.9095085859298706,nan,0,nan,nan,nan,TRACKING,0.03824349799833726,0.0,0.0,19.5544713164903,0,0,0,0.0,0.0,1.0,0,0,0,0,0,0,0,VERIFIED,0.798649,1,0,1,0.0,0,1
119,9.8363316640025,182.0,23.0,335.0,457.0,182.0,23.0,335.0,457.0,181.89644043581055,23.04142382567578,335.186407215541,456.9585761743242,tracker,nan,nan,nan,nan,0.9093576073646545,nan,0,nan,nan,nan,TRACKING,0.03275486499478575,0.0,0.0,21.89112191957383,0,0,0,0.0,0.0,1.0,0,0,0,0,0,0,0,VERIFIED,0.798649,1,0,1,0.0,0,1
120,10.17252043800545,182.0,23.0,335.0,457.0,182.0,23.0,335.0,457.0,183.0,28.0,326.0,452.0,detector,183.0,28.0,326.0,452.0,0.9091267585754395,0.986389,1,0.9624873444593226,0.0053764532919016415,1.0389747000380043,DETECTOR_CONFIRMED,0.03717649100872222,0.18787417399289552,0.0,2.9745193097709706,0,0,0,0.0,0.0,1.0,0,0,0,0,0,0,0,VERIFIED,0.933079,1,0,1,0.08861809399968479,0,1
121,10.227998657006538,182.0,23.0,335.0,457.0,182.0,23.0,335.0,457.0,182.65,26.25,329.15,453.75,tracker,nan,nan,nan,nan,0.9195892810821533,nan,0,nan,nan,nan,TRACKING,0.041510562994517386,0.0,0.0,18.02509197312883,0,0,0,0.0,0.0,1.0,0,0,0,0,0,0,0,VERIFIED,0.933079,1,0,1,0.0,0,1
122,10.280697116002557,182.0,23.0,335.0,457.0,182.0,23.0,335.0,457.0,182.4225,25.112499999999997,331.1975,454.8875,tracker,nan,nan,nan,nan,0.9167018532752991,nan,0,nan,nan,nan,TRACKING,0.0394363420055015,0.0,0.0,18.975886943402593,0,0,0,0.0,0.0,1.0,0,0,0,0,0,0,0,VERIFIED,0.933079,1,0,1,0.0,0,1
123,10.336132052005269,182.0,23.0,335.0,457.0,182.0,23.0,335.0,457.0,182.27462500000001,24.373124999999995,332.528375,455.626875,tracker,nan,nan,nan,nan,0.912154495716095,nan,0,nan,nan,nan,TRACKING,0.042734604998258874,0.0,0.0,18.039165769959254,0,0,0,0.0,0.0,1.0,0,0,0,0,0,0,0,VERIFIED,0.933079,1,0,1,0.0,0,1
124,10.385450265996042,182.0,23.0,335.0,457.0,182.0,23.0,335.0,457.0,182.17850625,23.892531249999998,333.39344374999996,456.10746875,tracker,nan,nan,nan,nan,0.9159403443336487,nan,0,nan,nan,nan,TRACKING,0.03668793699762318,0.0,0.0,20.27648446853914,0,0,0,0.0,0.0,1.0,0,0,0,0,0,0,0,VERIFIED,0.933079,1,0,1,0.0,0,1
125,10.433836684998823,182.0,23.0,335.0,457.0,182.0,23.0,335.0,457.0,182.1160290625,23.580145312499997,333.9557384375,456.4198546875,tracker,nan,nan,nan,nan,0.920964777469635,nan,0,nan,nan,nan,TRACKING,0.03552379099710379,0.0,0.0,20.66695615442243,0,0,0,0.0,0.0,1.0,0,0,0,0,0,0,0,VERIFIED,0.933079,1,0,1,0.0,0,1
126,10.485631631003344,182.0,23.0,335.0,457.0,182.0,23.0,335.0,457.0,182.075418890625,23.377094453124997,334.32122998437495,456.622905546875,tracker,nan,nan,nan,nan,0.9212018847465515,nan,0,nan,nan,nan,TRACKING,0.03861861200130079,0.0,0.0,19.306903030900536,0,0,0,0.0,0.0,1.0,0,0,0,0,0,0,0,VERIFIED,0.933079,1,0,1,0.0,0,1
127,10.534664264996536,182.0,23.0,335.0,457.0,182.0,23.0,335.0,457.0,182.04902227890625,23.245111394531246,334.5587994898437,456.75488860546875,tracker,nan,nan,nan,nan,0.9262146949768066,nan,0,nan,nan,nan,TRACKING,0.03644225299649406,0.0,0.0,20.39458047754144,0,0,0,0.0,0.0,1.0,0,0,0,0,0,0,0,VERIFIED,0.933079,1,0,1,0.0,0,1
128,10.583705388009548,182.0,23.0,335.0,457.0,182.0,23.0,335.0,457.0,182.03186448128906,23.15932240644531,334.7132196683984,456.8406775935547,tracker,nan,nan,nan,nan,0.9211097955703735,nan,0,nan,nan,nan,TRACKING,0.03623558100662194,0.0,0.0,20.391050175067758,0,0,0,0.0,0.0,1.0,0,0,0,0,0,0,0,VERIFIED,0.933079,1,0,1,0.0,0,1
129,10.645923627002048,182.0,23.0,335.0,457.0,182.0,23.0,335.0,457.0,182.0207119128379,23.10355956418945,334.81359278445893,456.8964404358105,tracker,nan,nan,nan,nan,0.9191523790359497,nan,0,nan,nan,nan,TRACKING,0.04934269399382174,0.0,0.0,16.07245746895121,0,0,0,0.0,0.0,1.0,0,0,0,0,0,0,0,VERIFIED,0.933079,1,0,1,0.0,0,1
130,10.871518525003921,182.0,23.0,335.0,457.0,182.0,23.0,335.0,457.0,183.0,27.0,325.0,453.0,detector,183.0,27.0,325.0,453.0,0.9203619956970215,0.986903,1,0.9616577941800842,0.005590169943749474,1.0398709458312108,DETECTOR_CONFIRMED,0.04159176300163381,0.16979719200753607,0.0,4.432724360600114,0,0,0,0.0,0.0,1.0,0,0,0,0,0,0,0,VERIFIED,0.933079,1,0,1,0.0,0,1
131,10.9268621049996,182.0,23.0,335.0,457.0,182.0,23.0,335.0,457.0,182.65,25.6,328.5,454.4,tracker,nan,nan,nan,nan,0.9201287031173706,nan,0,nan,nan,nan,TRACKING,0.04086705599911511,0.0,0.0,18.068943138085405,0,0,0,0.0,0.0,1.0,0,0,0,0,0,0,0,VERIFIED,0.933079,1,0,1,0.0,0,1
132,10.980905546006397,182.0,23.0,335.0,457.0,182.0,23.0,335.0,457.0,182.4225,24.689999999999998,330.775,455.31,tracker,nan,nan,nan,nan,0.9205853939056396,nan,0,nan,nan,nan,TRACKING,0.0413971749949269,0.0,0.0,18.503633028737458,0,0,0,0.0,0.0,1.0,0,0,0,0,0,0,0,VERIFIED,0.933079,1,0,1,0.0,0,1
133,11.035813905997202,182.0,23.0,335.0,457.0,182.0,23.0,335.0,457.0,182.27462500000001,24.0985,332.25374999999997,455.9015,tracker,nan,nan,nan,nan,0.922655463218689,nan,0,nan,nan,nan,TRACKING,0.04226579100941308,0.0,0.0,18.212162959656247,0,0,0,0.0,0.0,1.0,0,0,0,0,0,0,0,VERIFIED,0.933079,1,0,1,0.0,0,1
134,11.125090611007181,182.0,23.0,335.0,457.0,182.0,23.0,335.0,457.0,182.17850625,23.714025,333.21493749999996,456.285975,tracker,nan,nan,nan,nan,0.9203765392303467,nan,0,nan,nan,nan,TRACKING,0.07644360999984201,0.0,0.0,11.201130237593578,0,0,0,0.0,0.0,1.0,0,0,0,0,0,0,0,VERIFIED,0.933079,1,0,1,0.0,0,1
135,11.179301557000144,182.0,23.0,335.0,457.0,182.0,23.0,335.0,457.0,182.1160290625,23.464116249999996,333.839709375,456.53588375,tracker,nan,nan,nan,nan,0.9135602712631226,nan,0,nan,nan,nan,TRACKING,0.041756714999792166,0.0,0.0,18.446459136311706,0,0,0,0.0,0.0,1.0,0,0,0,0,0,0,0,VERIFIED,0.933079,1,0,1,0.0,0,1
136,11.227150410006288,182.0,23.0,335.0,457.0,182.0,23.0,335.0,457.0,182.075418890625,23.301675562499994,334.24581109375,456.6983244375,tracker,nan,nan,nan,nan,0.9198505282402039,nan,0,nan,nan,nan,TRACKING,0.03579510099370964,0.0,0.0,20.89914255356538,0,0,0,0.0,0.0,1.0,0,0,0,0,0,0,0,VERIFIED,0.933079,1,0,1,0.0,0,1
137,11.277128902002005,182.0,23.0,335.0,457.0,182.0,23.0,335.0,457.0,182.04902227890625,23.196089115624996,334.5097772109375,456.803910884375,tracker,nan,nan,nan,nan,0.9152378439903259,nan,0,nan,nan,nan,TRACKING,0.037016643007518724,0.0,0.0,20.008606904060002,0,0,0,0.0,0.0,1.0,0,0,0,0,0,0,0,VERIFIED,0.933079,1,0,1,0.0,0,1
138,11.335072861998924,182.0,23.0,335.0,457.0,182.0,23.0,335.0,457.0,182.03186448128906,23.127457925156246,334.6813551871094,456.87254207484375,tracker,nan,nan,nan,nan,0.9156256914138794,nan,0,nan,nan,nan,TRACKING,0.045241700994665734,0.0,0.0,17.258054162214137,0,0,0,0.0,0.0,1.0,0,0,0,0,0,0,0,VERIFIED,0.933079,1,0,1,0.0,0,1
139,11.392053204006515,182.0,23.0,335.0,457.0,182.0,23.0,335.0,457.0,182.0207119128379,23.08284765135156,334.7928808716211,456.9171523486484,tracker,nan,nan,nan,nan,0.9178451299667358,nan,0,nan,nan,nan,TRACKING,0.04414177700527944,0.0,0.0,17.549912211245974,0,0,0,0.0,0.0,1.0,0,0,0,0,0,0,0,VERIFIED,0.933079,1,0,1,0.0,0,1
140,11.66542575499625,182.0,23.0,335.0,457.0,182.0,23.0,335.0,457.0,182.0,27.0,331.0,453.0,detector,182.0,27.0,331.0,453.0,0.9035487174987793,0.98579,1,0.9794114765341781,0.0035355339059327377,1.0210213214354789,DETECTOR_CONFIRMED,0.05781395699887071,0.20089081600599457,0.0,3.6580117366558618,0,0,0,0.0,0.0,1.0,0,0,0,0,0,0,0,VERIFIED,0.933079,1,0,1,0.0,0,1
141,11.71537940199778,182.0,23.0,335.0,457.0,182.0,23.0,335.0,457.0,182.0,25.6,332.4,454.4,tracker,nan,nan,nan,nan,0.9133724570274353,nan,0,nan,nan,nan,TRACKING,0.034886743989773095,0.0,0.0,20.018558404141558,0,0,0,0.0,0.0,1.0,0,0,0,0,0,0,0,VERIFIED,0.933079,1,0,1,0.0,0,1
142,11.767618630008656,182.0,23.0,335.0,457.0,182.0,23.0,335.0,457.0,182.0,24.689999999999998,333.31,455.31,tracker,nan,nan,nan,nan,0.9080919027328491,nan,0,nan,nan,nan,TRACKING,0.039813592011341825,0.0,0.0,19.14270248771291,0,0,0,0.0,0.0,1.0,0,0,0,0,0,0,0,VERIFIED,0.933079,1,0,1,0.0,0,1
143,11.815607383003226,182.0,23.0,335.0,457.0,182.0,23.0,335.0,457.0,182.0,24.0985,333.9015,455.9015,tracker,nan,nan,nan,nan,0.9099090695381165,nan,0,nan,nan,nan,TRACKING,0.03556561600998975,0.0,0.0,20.838215990174877,0,0,0,0.0,0.0,1.0,0,0,0,0,0,0,0,VERIFIED,0.933079,1,0,1,0.0,0,1
144,11.863779524996062,182.0,23.0,335.0,457.0,182.0,23.0,335.0,457.0,182.0,23.714025,334.285975,456.285975,tracker,nan,nan,nan,nan,0.9058026075363159,nan,0,nan,nan,nan,TRACKING,0.03574364101223182,0.0,0.0,20.75888591685857,0,0,0,0.0,0.0,1.0,0,0,0,0,0,0,0,VERIFIED,0.933079,1,0,1,0.0,0,1
145,11.921383685010369,182.0,23.0,335.0,457.0,182.0,23.0,335.0,457.0,182.0,23.464116249999996,334.53588375,456.53588375,tracker,nan,nan,nan,nan,0.9058491587638855,nan,0,nan,nan,nan,TRACKING,0.04489674400247168,0.0,0.0,17.35985733932463,0,0,0,0.0,0.0,1.0,0,0,0,0,0,0,0,VERIFIED,0.933079,1,0,1,0.0,0,1
146,11.975191131001338,182.0,23.0,335.0,457.0,182.0,23.0,335.0,457.0,182.0,23.301675562499994,334.6983244375,456.6983244375,tracker,nan,nan,nan,nan,0.9101011753082275,nan,0,nan,nan,nan,TRACKING,0.04070705200138036,0.0,0.0,18.584788435560224,0,0,0,0.0,0.0,1.0,0,0,0,0,0,0,0,VERIFIED,0.933079,1,0,1,0.0,0,1
147,12.043103892996442,182.0,23.0,335.0,457.0,182.0,23.0,335.0,457.0,182.0,23.196089115624996,334.803910884375,456.803910884375,tracker,nan,nan,nan,nan,0.9121381044387817,nan,0,nan,nan,nan,TRACKING,0.05525863000366371,0.0,0.0,14.724772938436875,0,0,0,0.0,0.0,1.0,0,0,0,0,0,0,0,VERIFIED,0.933079,1,0,1,0.0,0,1
148,12.09732494300988,182.0,23.0,335.0,457.0,182.0,23.0,335.0,457.0,182.0,23.127457925156246,334.87254207484375,456.87254207484375,tracker,nan,nan,nan,nan,0.9048388004302979,nan,0,nan,nan,nan,TRACKING,0.04028448899043724,0.0,0.0,18.443021663212864,0,0,0,0.0,0.0,1.0,0,0,0,0,0,0,0,VERIFIED,0.933079,1,0,1,0.0,0,1
149,12.151286560008884,182.0,23.0,335.0,457.0,182.0,23.0,335.0,457.0,182.0,23.08284765135156,334.9171523486484,456.9171523486484,tracker,nan,nan,nan,nan,0.9127299189567566,nan,0,nan,nan,nan,TRACKING,0.04122409601404797,0.0,0.0,18.53169077602802,0,0,0,0.0,0.0,1.0,0,0,0,0,0,0,0,VERIFIED,0.933079,1,0,1,0.0,0,1
150,12.512503382997238,182.0,23.0,335.0,457.0,182.0,23.0,335.0,457.0,186.0,31.0,316.0,449.0,detector,186.0,31.0,316.0,449.0,0.9213542938232422,0.987787,1,0.9267709592083347,0.008500919067959653,1.079015251895915,DETECTOR_CONFIRMED,0.046702521009137854,0.19604704300581943,0.0,2.7684203402460077,0,0,0,0.0,0.0,1.0,0,0,0,0,0,0,0,VERIFIED,0.813692,1,0,1,0.10141775100782979,0,1
151,12.56118309100566,182.0,23.0,335.0,457.0,182.0,23.0,335.0,457.0,184.6,28.200000000000003,322.65,451.8,tracker,nan,nan,nan,nan,0.9195522665977478,nan,0,nan,nan,nan,TRACKING,0.034798303997376934,0.0,0.0,20.542440390706535,0,0,0,0.0,0.0,1.0,0,0,0,0,0,0,0,VERIFIED,0.813692,1,0,1,0.0,0,1
152,12.618621986010112,182.0,23.0,335.0,457.0,182.0,23.0,335.0,457.0,183.69,26.380000000000003,326.97249999999997,453.62,tracker,nan,nan,nan,nan,0.9159504175186157,nan,0,nan,nan,nan,TRACKING,0.04432074000942521,0.0,0.0,17.409805671270103,0,0,0,0.0,0.0,1.0,0,0,0,0,0,0,0,VERIFIED,0.813692,1,0,1,0.0,0,1
153,12.673562587006018,182.0,23.0,335.0,457.0,182.0,23.0,335.0,457.0,183.0985,25.197000000000003,329.78212499999995,454.803,tracker,nan,nan,nan,nan,0.9173585772514343,nan,0,nan,nan,nan,TRACKING,0.042123703999095596,0.0,0.0,18.201475445718593,0,0,0,0.0,0.0,1.0,0,0,0,0,0,0,0,VERIFIED,0.813692,1,0,1,0.0,0,1
154,12.735268364005606,182.0,23.0,335.0,457.0,182.0,23.0,335.0,457.0,182.714025,24.42805,331.60838125,455.57195,tracker,nan,nan,nan,nan,0.9106738567352295,nan,0,nan,nan,nan,TRACKING,0.04837683599907905,0.0,0.0,16.20593806000814,0,0,0,0.0,0.0,1.0,0,0,0,0,0,0,0,VERIFIED,0.813692,1,0,1,0.0,0,1
155,12.800649080003495,182.0,23.0,335.0,457.0,182.0,23.0,335.0,457.0,182.46411625,23.9282325,332.79544781249996,456.0717675,tracker,nan,nan,nan,nan,0.9154950380325317,nan,0,nan,nan,nan,TRACKING,0.05076872100471519,0.0,0.0,15.29502980714188,0,0,0,0.0,0.0,1.0,0,0,0,0,0,0,0,VERIFIED,0.813692,1,0,1,0.0,0,1
156,12.861679788009496,182.0,23.0,335.0,457.0,182.0,23.0,335.0,457.0,182.30167556249998,23.603351125,333.567041078125,456.396648875,tracker,nan,nan,nan,nan,0.9116243720054626,nan,0,nan,nan,nan,TRACKING,0.04812776700418908,0.0,0.0,16.38519415343619,0,0,0,0.0,0.0,1.0,0,0,0,0,0,0,0,VERIFIED,0.813692,1,0,1,0.0,0,1
157,12.916017142997589,182.0,23.0,335.0,457.0,182.0,23.0,335.0,457.0,182.196089115625,23.39217823125,334.06857670078125,456.60782176875,tracker,nan,nan,nan,nan,0.9191185832023621,nan,0,nan,nan,nan,TRACKING,0.04152780200820416,0.0,0.0,18.403545778390193,0,0,0,0.0,0.0,1.0,0,0,0,0,0,0,0,VERIFIED,0.813692,1,0,1,0.0,0,1
158,12.969193791999714,182.0,23.0,335.0,457.0,182.0,23.0,335.0,457.0,182.12745792515625,23.2549158503125,334.3945748555078,456.7450841496875,tracker,nan,nan,nan,nan,0.9144585728645325,nan,0,nan,nan,nan,TRACKING,0.0406092889897991,0.0,0.0,18.80524664049496,0,0,0,0.0,0.0,1.0,0,0,0,0,0,0,0,VERIFIED,0.813692,1,0,1,0.0,0,1
159,13.062083091004752,182.0,23.0,335.0,457.0,182.0,23.0,335.0,457.0,182.08284765135156,23.165695302703124,334.6064736560801,456.8343046972969,tracker,nan,nan,nan,nan,0.9052110910415649,nan,0,nan,nan,nan,TRACKING,0.0802608449885156,0.0,0.0,10.765502708183558,0,0,0,0.0,0.0,1.0,0,0,0,0,0,0,0,VERIFIED,0.813692,1,0,1,0.0,0,1
160,13.334719165010029,182.0,23.0,335.0,457.0,182.0,23.0,335.0,457.0,185.0,32.0,318.0,448.0,detector,185.0,32.0,318.0,448.0,0.9083679914474487,0.987621,1,0.9305594565465887,0.008882919002219934,1.0746223607367476,DETECTOR_CONFIRMED,0.03984077900531702,0.2186832070001401,0.0,3.6678931929625898,0,0,0,0.0,0.0,1.0,0,0,0,0,0,0,0,VERIFIED,0.813692,1,0,1,0.0,0,1
161,13.386662707998767,182.0,23.0,335.0,457.0,182.0,23.0,335.0,457.0,183.95,28.85,323.95,451.15,tracker,nan,nan,nan,nan,0.9169182777404785,nan,0,nan,nan,nan,TRACKING,0.0380576080060564,0.0,0.0,19.251670996274,0,0,0,0.0,0.0,1.0,0,0,0,0,0,0,0,VERIFIED,0.813692,1,0,1,0.0,0,1
162,13.44081896499847,182.0,23.0,335.0,457.0,182.0,23.0,335.0,457.0,183.26749999999998,26.802500000000002,327.8175,453.1975,tracker,nan,nan,nan,nan,0.9117107391357422,nan,0,nan,nan,nan,TRACKING,0.04141071600315627,0.0,0.0,18.465087053661495,0,0,0,0.0,0.0,1.0,0,0,0,0,0,0,0,VERIFIED,0.813692,1,0,1,0.0,0,1
163,13.497051005004323,182.0,23.0,335.0,457.0,182.0,23.0,335.0,457.0,182.823875,25.471625000000003,330.331375,454.528375,tracker,nan,nan,nan,nan,0.9146546125411987,nan,0,nan,nan,nan,TRACKING,0.04239886700815987,0.0,0.0,17.78345583578193,0,0,0,0.0,0.0,1.0,0,0,0,0,0,0,0,VERIFIED,0.813692,1,0,1,0.0,0,1
164,13.55048125400208,182.0,23.0,335.0,457.0,182.0,23.0,335.0,457.0,182.53551875,24.606556250000004,331.96539375,455.39344374999996,tracker,nan,nan,nan,nan,0.9116750955581665,nan,0,nan,nan,nan,TRACKING,0.040553871003794484,0.0,0.0,18.715989888836067,0,0,0,0.0,0.0,1.0,0,0,0,0,0,0,0,VERIFIED,0.813692,1,0,1,0.0,0,1
165,13.604142134005087,182.0,23.0,335.0,457.0,182.0,23.0,335.0,457.0,182.3480871875,24.044261562500004,333.0275059375,455.9557384375,tracker,nan,nan,nan,nan,0.9170663952827454,nan,0,nan,nan,nan,TRACKING,0.04095414199400693,0.0,0.0,18.635549770036256,0,0,0,0.0,0.0,1.0,0,0,0,0,0,0,0,VERIFIED,0.813692,1,0,1,0.0,0,1
166,13.653734626001096,182.0,23.0,335.0,457.0,182.0,23.0,335.0,457.0,182.226256671875,23.678770015625002,333.717878859375,456.321229984375,tracker,nan,nan,nan,nan,0.9114589095115662,nan,0,nan,nan,nan,TRACKING,0.036922212995705195,0.0,0.0,20.16434262025949,0,0,0,0.0,0.0,1.0,0,0,0,0,0,0,0,VERIFIED,0.813692,1,0,1,0.0,0,1
167,13.702269069995964,182.0,23.0,335.0,457.0,182.0,23.0,335.0,457.0,182.14706683671875,23.44120051015625,334.16662125859375,456.55879948984375,tracker,nan,nan,nan,nan,0.9158831834793091,nan,0,nan,nan,nan,TRACKING,0.03602557600243017,0.0,0.0,20.603924093696165,0,0,0,0.0,0.0,1.0,0,0,0,0,0,0,0,VERIFIED,0.813692,1,0,1,0.0,0,1
168,13.757413946004817,182.0,23.0,335.0,457.0,182.0,23.0,335.0,457.0,182.0955934438672,23.286780331601562,334.45830381808594,456.71321966839844,tracker,nan,nan,nan,nan,0.9214674234390259,nan,0,nan,nan,nan,TRACKING,0.04122946198913269,0.0,0.0,18.134051110015253,0,0,0,0.0,0.0,1.0,0,0,0,0,0,0,0,VERIFIED,0.813692,1,0,1,0.0,0,1
169,13.816101728007197,182.0,23.0,335.0,457.0,182.0,23.0,335.0,457.0,182.06213573851366,23.186407215541017,334.6478974817559,456.813592784459,tracker,nan,nan,nan,nan,0.9177175164222717,nan,0,nan,nan,nan,TRACKING,0.04444527499435935,0.0,0.0,17.03932174433589,0,0,0,0.0,0.0,1.0,0,0,0,0,0,0,0,VERIFIED,0.813692,1,0,1,0.0,0,1
170,14.034719777002465,182.0,23.0,335.0,457.0,182.0,23.0,335.0,457.0,183.0,29.0,329.0,451.0,detector,183.0,29.0,329.0,451.0,0.9070858359336853,0.986809,1,0.9691955975048173,0.004506939094329986,1.0317834734025704,DETECTOR_CONFIRMED,0.04724998300662264,0.15620183700229973,0.0,4.5741877424843675,0,0,0,0.0,0.0,1.0,0,0,0,0,0,0,0,VERIFIED,0.813692,1,0,1,0.0,0,1
171,14.096316281007603,182.0,23.0,335.0,457.0,182.0,23.0,335.0,457.0,182.65,26.9,331.09999999999997,453.1,tracker,nan,nan,nan,nan,0.9122529625892639,nan,0,nan,nan,nan,TRACKING,0.046035888997721486,0.0,0.0,16.23468760364369,0,0,0,0.0,0.0,1.0,0,0,0,0,0,0,0,VERIFIED,0.813692,1,0,1,0.0,0,1
172,14.153773874000763,182.0,23.0,335.0,457.0,182.0,23.0,335.0,457.0,182.4225,25.534999999999997,332.465,454.46500000000003,tracker,nan,nan,nan,nan,0.916659414768219,nan,0,nan,nan,nan,TRACKING,0.044780700001865625,0.0,0.0,17.404140130253076,0,0,0,0.0,0.0,1.0,0,0,0,0,0,0,0,VERIFIED,0.813692,1,0,1,0.0,0,1
173,14.207644862995949,182.0,23.0,335.0,457.0,182.0,23.0,335.0,457.0,182.27462500000001,24.647749999999995,333.35224999999997,455.35225,tracker,nan,nan,nan,nan,0.91409832239151,nan,0,nan,nan,nan,TRACKING,0.04088549400330521,0.0,0.0,18.56286692804843,0,0,0,0.0,0.0,1.0,0,0,0,0,0,0,0,VERIFIED,0.813692,1,0,1,0.0,0,1
174,14.262112326003262,182.0,23.0,335.0,457.0,182.0,23.0,335.0,457.0,182.17850625,24.071037499999996,333.92896249999995,455.9289625,tracker,nan,nan,nan,nan,0.9047790169715881,nan,0,nan,nan,nan,TRACKING,0.041209408998838626,0.0,0.0,18.359584691244617,0,0,0,0.0,0.0,1.0,0,0,0,0,0,0,0,VERIFIED,0.813692,1,0,1,0.0,0,1
175,14.312164048998966,182.0,23.0,335.0,457.0,182.0,23.0,335.0,457.0,182.1160290625,23.696174375,334.30382562499994,456.303825625,tracker,nan,nan,nan,nan,0.9044267535209656,nan,0,nan,nan,nan,TRACKING,0.03775160999794025,0.0,0.0,19.97933218174788,0,0,0,0.0,0.0,1.0,0,0,0,0,0,0,0,VERIFIED,0.813692,1,0,1,0.0,0,1
176,14.362991522008087,182.0,23.0,335.0,457.0,182.0,23.0,335.0,457.0,182.075418890625,23.45251334375,334.54748665624993,456.54748665625,tracker,nan,nan,nan,nan,0.9128316044807434,nan,0,nan,nan,nan,TRACKING,0.0383800640120171,0.0,0.0,19.67439931197323,0,0,0,0.0,0.0,1.0,0,0,0,0,0,0,0,VERIFIED,0.813692,1,0,1,0.0,0,1
177,14.415860401000828,182.0,23.0,335.0,457.0,182.0,23.0,335.0,457.0,182.04902227890625,23.2941336734375,334.70586632656244,456.7058663265625,tracker,nan,nan,nan,nan,0.9141021966934204,nan,0,nan,nan,nan,TRACKING,0.040395792995695956,0.0,0.0,18.914719189285623,0,0,0,0.0,0.0,1.0,0,0,0,0,0,0,0,VERIFIED,0.813692,1,0,1,0.0,0,1
178,14.466168589002336,182.0,23.0,335.0,457.0,182.0,23.0,335.0,457.0,182.03186448128906,23.191186887734375,334.80881311226557,456.8088131122656,tracker,nan,nan,nan,nan,0.9088013768196106,nan,0,nan,nan,nan,TRACKING,0.03781452898692805,0.0,0.0,19.87747998337782,0,0,0,0.0,0.0,1.0,0,0,0,0,0,0,0,VERIFIED,0.813692,1,0,1,0.0,0,1
179,14.518229167006211,182.0,23.0,335.0,457.0,182.0,23.0,335.0,457.0,182.0207119128379,23.124271477027342,334.8757285229726,456.8757285229727,tracker,nan,nan,nan,nan,0.9067972302436829,nan,0,nan,nan,nan,TRACKING,0.03859731000557076,0.0,0.0,19.20839219121939,0,0,0,0.0,0.0,1.0,0,0,0,0,0,0,0,VERIFIED,0.813692,1,0,1,0.0,0,1
180,14.814044804006699,182.0,23.0,335.0,457.0,182.0,23.0,335.0,457.0,186.0,31.0,318.0,449.0,detector,186.0,31.0,318.0,449.0,0.9145674705505371,0.987571,1,0.9326365981906659,0.007525996611745185,1.0722289924500288,DETECTOR_CONFIRMED,0.048475899995537475,0.17960250000760425,0.0,3.3804839059212854,0,0,0,0.0,0.0,1.0,0,0,0,0,0,0,0,VERIFIED,nan,0,-1,1,0.050917109998408705,0,1
181,14.872536435010261,182.0,23.0,335.0,457.0,182.0,23.0,335.0,457.0,184.6,28.200000000000003,323.95,451.8,tracker,nan,nan,nan,nan,0.9114333987236023,nan,0,nan,nan,nan,TRACKING,0.04093632899457589,0.0,0.0,17.09646291003744,0,0,0,0.0,0.0,1.0,0,0,0,0,0,0,0,VERIFIED,nan,0,-1,1,0.0,0,1
182,14.924661388999084,182.0,23.0,335.0,457.0,182.0,23.0,335.0,457.0,183.69,26.380000000000003,327.8175,453.62,tracker,nan,nan,nan,nan,0.9017910361289978,nan,0,nan,nan,nan,TRACKING,0.04011912000714801,0.0,0.0,19.18466921264669,0,0,0,0.0,0.0,1.0,0,0,0,0,0,0,0,VERIFIED,nan,0,-1,1,0.0,0,1
183,14.97313853900414,182.0,23.0,335.0,457.0,182.0,23.0,335.0,457.0,183.0985,25.197000000000003,330.331375,454.803,tracker,nan,nan,nan,nan,0.9014381170272827,nan,0,nan,nan,nan,TRACKING,0.03589015499164816,0.0,0.0,20.62827538119943,0,0,0,0.0,0.0,1.0,0,0,0,0,0,0,0,VERIFIED,nan,0,-1,1,0.0,0,1
184,15.0681043509976,182.0,23.0,335.0,457.0,182.0,23.0,335.0,457.0,182.714025,24.42805,331.96539375,455.57195,tracker,nan,nan,nan,nan,0.9038897156715393,nan,0,nan,nan,nan,TRACKING,0.08270387699303683,0.0,0.0,10.530105297987188,0,0,0,0.0,0.0,1.0,0,0,0,0,0,0,0,VERIFIED,nan,0,-1,1,0.0,0,1
185,15.116215658999863,182.0,23.0,335.0,457.0,182.0,23.0,335.0,457.0,182.46411625,23.9282325,333.0275059375,456.0717675,tracker,nan,nan,nan,nan,0.9017227292060852,nan,0,nan,nan,nan,TRACKING,0.03573020300245844,0.0,0.0,20.785134337918567,0,0,0,0.0,0.0,1.0,0,0,0,0,0,0,0,VERIFIED,nan,0,-1,1,0.0,0,1
186,15.177496060001431,182.0,23.0,335.0,457.0,182.0,23.0,335.0,457.0,182.30167556249998,23.603351125,333.717878859375,456.396648875,tracker,nan,nan,nan,nan,0.8976009488105774,nan,0,nan,nan,nan,TRACKING,0.04834735600161366,0.0,0.0,16.318431075123243,0,0,0,0.0,0.0,1.0,0,0,0,0,0,0,0,VERIFIED,nan,0,-1,1,0.0,0,1
187,15.232699323998531,182.0,23.0,335.0,457.0,182.0,23.0,335.0,457.0,182.196089115625,23.39217823125,334.16662125859375,456.60782176875,tracker,nan,nan,nan,nan,0.8996905088424683,nan,0,nan,nan,nan,TRACKING,0.04259230899333488,0.0,0.0,18.114870889745358,0,0,0,0.0,0.0,1.0,0,0,0,0,0,0,0,VERIFIED,nan,0,-1,1,0.0,0,1
188,15.289779668004485,182.0,23.0,335.0,457.0,182.0,23.0,335.0,457.0,182.12745792515625,23.2549158503125,334.45830381808594,456.7450841496875,tracker,nan,nan,nan,nan,0.8997725248336792,nan,0,nan,nan,nan,TRACKING,0.0443265740032075,0.0,0.0,17.519165614974206,0,0,0,0.0,0.0,1.0,0,0,0,0,0,0,0,VERIFIED,nan,0,-1,1,0.0,0,1
189,15.348781780005083,182.0,23.0,335.0,457.0,182.0,23.0,335.0,457.0,182.08284765135156,23.165695302703124,334.6478974817559,456.8343046972969,tracker,nan,nan,nan,nan,0.8947433829307556,nan,0,nan,nan,nan,TRACKING,0.04622271600237582,0.0,0.0,16.948545841712498,0,0,0,0.0,0.0,1.0,0,0,0,0,0,0,0,VERIFIED,nan,0,-1,1,0.0,0,1
190,15.59363165999821,182.0,23.0,335.0,457.0,182.0,23.0,335.0,457.0,183.0,32.0,326.0,448.0,detector,183.0,32.0,326.0,448.0,0.89226895570755,0.985859,1,0.9539697573402136,0.007126096406869612,1.0482512598597722,DETECTOR_CONFIRMED,0.04075137600011658,0.18968135699105915,0.0,4.08413514447332,0,0,0,0.0,0.0,1.0,0,0,0,0,0,0,0,VERIFIED,nan,0,-1,1,0.0,0,1
191,15.654347880001296,182.0,23.0,335.0,457.0,182.0,23.0,335.0,457.0,182.65,28.85,329.15,451.15,tracker,nan,nan,nan,nan,0.9039624333381653,nan,0,nan,nan,nan,TRACKING,0.03979541399166919,0.0,0.0,16.470063517609557,0,0,0,0.0,0.0,1.0,0,0,0,0,0,0,0,VERIFIED,nan,0,-1,1,0.0,0,1
192,15.70297644099628,182.0,23.0,335.0,457.0,182.0,23.0,335.0,457.0,182.4225,26.802500000000002,331.1975,453.1975,tracker,nan,nan,nan,nan,0.9046320915222168,nan,0,nan,nan,nan,TRACKING,0.036638507997849956,0.0,0.0,20.564046715327176,0,0,0,0.0,0.0,1.0,0,0,0,0,0,0,0,VERIFIED,nan,0,-1,1,0.0,0,1
193,15.750629924004897,182.0,23.0,335.0,457.0,182.0,23.0,335.0,457.0,182.27462500000001,25.471625000000003,332.528375,454.528375,tracker,nan,nan,nan,nan,0.900503933429718,nan,0,nan,nan,nan,TRACKING,0.03522612800588831,0.0,0.0,20.984824966921767,0,0,0,0.0,0.0,1.0,0,0,0,0,0,0,0,VERIFIED,nan,0,-1,1,0.0,0,1
194,15.805800218004151,182.0,23.0,335.0,457.0,182.0,23.0,335.0,457.0,182.17850625,24.606556250000004,333.39344374999996,455.39344374999996,tracker,nan,nan,nan,nan,0.9102073907852173,nan,0,nan,nan,nan,TRACKING,0.04211198400298599,0.0,0.0,18.125696412158433,0,0,0,0.0,0.0,1.0,0,0,0,0,0,0,0,VERIFIED,nan,0,-1,1,0.0,0,1
195,15.864861342997756,182.0,23.0,335.0,457.0,182.0,23.0,335.0,457.0,182.1160290625,24.044261562500004,333.9557384375,455.9557384375,tracker,nan,nan,nan,nan,0.8977110981941223,nan,0,nan,nan,nan,TRACKING,0.04377879899402615,0.0,0.0,16.931611108123732,0,0,0,0.0,0.0,1.0,0,0,0,0,0,0,0,VERIFIED,nan,0,-1,1,0.0,0,1
196,15.924739677007892,182.0,23.0,335.0,457.0,182.0,23.0,335.0,457.0,182.075418890625,23.678770015625002,334.32122998437495,456.321229984375,tracker,nan,nan,nan,nan,0.9028681516647339,nan,0,nan,nan,nan,TRACKING,0.046305791998747736,0.0,0.0,16.700531444824737,0,0,0,0.0,0.0,1.0,0,0,0,0,0,0,0,VERIFIED,nan,0,-1,1,0.0,0,1
197,15.984512381997774,182.0,23.0,335.0,457.0,182.0,23.0,335.0,457.0,182.04902227890625,23.44120051015625,334.5587994898437,456.55879948984375,tracker,nan,nan,nan,nan,0.8981483578681946,nan,0,nan,nan,nan,TRACKING,0.04686513000342529,0.0,0.0,16.730044259654495,0,0,0,0.0,0.0,1.0,0,0,0,0,0,0,0,VERIFIED,nan,0,-1,1,0.0,0,1
198,16.042873853002675,182.0,23.0,335.0,457.0,182.0,23.0,335.0,457.0,182.03186448128906,23.286780331601562,334.7132196683984,456.71321966839844,tracker,nan,nan,nan,nan,0.9034746885299683,nan,0,nan,nan,nan,TRACKING,0.04520909699203912,0.0,0.0,17.134592099572533,0,0,0,0.0,0.0,1.0,0,0,0,0,0,0,0,VERIFIED,nan,0,-1,1,0.0,0,1
199,16.102431866005645,182.0,23.0,335.0,457.0,182.0,23.0,335.0,457.0,182.0207119128379,23.186407215541017,334.81359278445893,456.813592784459,tracker,nan,nan,nan,nan,0.8927112817764282,nan,0,nan,nan,nan,TRACKING,0.046903099995688535,0.0,0.0,16.79035195398692,0,0,0,0.0,0.0,1.0,0,0,0,0,0,0,0,VERIFIED,nan,0,-1,1,0.0,0,1
200,16.33215723700414,182.0,23.0,335.0,457.0,182.0,23.0,335.0,457.0,182.0,32.0,330.0,448.0,detector,182.0,32.0,330.0,448.0,0.906083881855011,0.984795,1,0.965674907737026,0.006434768838116876,1.035545183982684,DETECTOR_CONFIRMED,0.03962176400818862,0.17560651000530925,0.0,4.353023767699364,0,0,0,0.0,0.0,1.0,0,0,0,0,0,0,0,VERIFIED,nan,0,-1,1,0.0,0,1
201,16.385688321010093,182.0,23.0,335.0,457.0,182.0,23.0,335.0,457.0,182.0,28.85,331.75,451.15,tracker,nan,nan,nan,nan,0.8950312733650208,nan,0,nan,nan,nan,TRACKING,0.04027266599587165,0.0,0.0,18.680735101287688,0,0,0,0.0,0.0,1.0,0,0,0,0,0,0,0,VERIFIED,nan,0,-1,1,0.0,0,1
202,16.435848745008116,182.0,23.0,335.0,457.0,182.0,23.0,335.0,457.0,182.0,26.802500000000002,332.8875,453.1975,tracker,nan,nan,nan,nan,0.9050635695457458,nan,0,nan,nan,nan,TRACKING,0.03764098198735155,0.0,0.0,19.936035629192936,0,0,0,0.0,0.0,1.0,0,0,0,0,0,0,0,VERIFIED,nan,0,-1,1,0.0,0,1
203,16.493160708996584,182.0,23.0,335.0,457.0,182.0,23.0,335.0,457.0,182.0,25.471625000000003,333.626875,454.528375,tracker,nan,nan,nan,nan,0.9043798446655273,nan,0,nan,nan,nan,TRACKING,0.044293083003140055,0.0,0.0,17.44836383902694,0,0,0,0.0,0.0,1.0,0,0,0,0,0,0,0,VERIFIED,nan,0,-1,1,0.0,0,1
204,16.54831386700971,182.0,23.0,335.0,457.0,182.0,23.0,335.0,457.0,182.0,24.606556250000004,334.10746875,455.39344374999996,tracker,nan,nan,nan,nan,0.9050323367118835,nan,0,nan,nan,nan,TRACKING,0.04262501900666393,0.0,0.0,18.13132803314714,0,0,0,0.0,0.0,1.0,0,0,0,0,0,0,0,VERIFIED,nan,0,-1,1,0.0,0,1
205,16.605930371006252,182.0,23.0,335.0,457.0,182.0,23.0,335.0,457.0,182.0,24.044261562500004,334.4198546875,455.9557384375,tracker,nan,nan,nan,nan,0.9008257985115051,nan,0,nan,nan,nan,TRACKING,0.04492731799837202,0.0,0.0,17.35613809647358,0,0,0,0.0,0.0,1.0,0,0,0,0,0,0,0,VERIFIED,nan,0,-1,1,0.0,0,1
206,16.661041236002347,182.0,23.0,335.0,457.0,182.0,23.0,335.0,457.0,182.0,23.678770015625002,334.62290554687496,456.321229984375,tracker,nan,nan,nan,nan,0.9062513113021851,nan,0,nan,nan,nan,TRACKING,0.04218823599512689,0.0,0.0,18.145242323285142,0,0,0,0.0,0.0,1.0,0,0,0,0,0,0,0,VERIFIED,nan,0,-1,1,0.0,0,1
207,16.724571280006785,182.0,23.0,335.0,457.0,182.0,23.0,335.0,457.0,182.0,23.44120051015625,334.7548886054687,456.55879948984375,tracker,nan,nan,nan,nan,0.902622401714325,nan,0,nan,nan,nan,TRACKING,0.05009922401222866,0.0,0.0,15.740584091680322,0,0,0,0.0,0.0,1.0,0,0,0,0,0,0,0,VERIFIED,nan,0,-1,1,0.0,0,1
208,16.781846212004893,182.0,23.0,335.0,457.0,182.0,23.0,335.0,457.0,182.0,23.286780331601562,334.84067759355463,456.71321966839844,tracker,nan,nan,nan,nan,0.9062593579292297,nan,0,nan,nan,nan,TRACKING,0.04340712299745064,0.0,0.0,17.459645347689364,0,0,0,0.0,0.0,1.0,0,0,0,0,0,0,0,VERIFIED,nan,0,-1,1,0.0,0,1
209,16.878970257006586,182.0,23.0,335.0,457.0,182.0,23.0,335.0,457.0,182.0,23.186407215541017,334.8964404358105,456.813592784459,tracker,nan,nan,nan,nan,0.9045820832252502,nan,0,nan,nan,nan,TRACKING,0.08448444399982691,0.0,0.0,10.296111534302113,0,0,0,0.0,0.0,1.0,0,0,0,0,0,0,0,VERIFIED,nan,0,-1,1,0.0,0,1
210,17.26925341199967,182.0,23.0,335.0,457.0,182.0,23.0,335.0,457.0,182.0,33.0,333.0,447.0,detector,182.0,33.0,333.0,447.0,0.9110979437828064,0.984698,1,0.9722786505111205,0.006373774391990981,1.0285117332097198,DETECTOR_CONFIRMED,0.04332201600482222,0.24132291199930478,0.0,2.5622422777065985,0,0,0,0.0,0.0,1.0,0,0,0,0,0,0,0,VERIFIED,0.517012,1,0,1,0.08892002899665385,0,1
211,17.325444410002092,182.0,23.0,335.0,457.0,182.0,23.0,335.0,457.0,182.0,29.5,333.7,450.5,tracker,nan,nan,nan,nan,0.9022539258003235,nan,0,nan,nan,nan,TRACKING,0.042333343997597694,0.0,0.0,17.796444903094848,0,0,0,0.0,0.0,1.0,0,0,0,0,0,0,0,VERIFIED,0.517012,1,0,1,0.0,0,1
212,17.381766503996914,182.0,23.0,335.0,457.0,182.0,23.0,335.0,457.0,182.0,27.225,334.155,452.775,tracker,nan,nan,nan,nan,0.9012801051139832,nan,0,nan,nan,nan,TRACKING,0.04365233700082172,0.0,0.0,17.755021681046326,0,0,0,0.0,0.0,1.0,0,0,0,0,0,0,0,VERIFIED,0.517012,1,0,1,0.0,0,1
213,17.43421146699984,182.0,23.0,335.0,457.0,182.0,23.0,335.0,457.0,182.0,25.746250000000003,334.45074999999997,454.25374999999997,tracker,nan,nan,nan,nan,0.9094467163085938,nan,0,nan,nan,nan,TRACKING,0.03950087499106303,0.0,0.0,19.067608074090842,0,0,0,0.0,0.0,1.0,0,0,0,0,0,0,0,VERIFIED,0.517012,1,0,1,0.0,0,1
214,17.494427205005195,182.0,23.0,335.0,457.0,182.0,23.0,335.0,457.0,182.0,24.785062500000002,334.64298749999995,455.21493749999996,tracker,nan,nan,nan,nan,0.9051269888877869,nan,0,nan,nan,nan,TRACKING,0.04751561499142554,0.0,0.0,16.606954147287627,0,0,0,0.0,0.0,1.0,0,0,0,0,0,0,0,VERIFIED,0.517012,1,0,1,0.0,0,1
215,17.542571794998366,182.0,23.0,335.0,457.0,182.0,23.0,335.0,457.0,182.0,24.160290625000002,334.76794187499996,455.839709375,tracker,nan,nan,nan,nan,0.9052134156227112,nan,0,nan,nan,nan,TRACKING,0.035520093006198294,0.0,0.0,20.770765731764158,0,0,0,0.0,0.0,1.0,0,0,0,0,0,0,0,VERIFIED,0.517012,1,0,1,0.0,0,1
216,17.59369687900471,182.0,23.0,335.0,457.0,182.0,23.0,335.0,457.0,182.0,23.75418890625,334.84916221875,456.24581109375,tracker,nan,nan,nan,nan,0.9126385450363159,nan,0,nan,nan,nan,TRACKING,0.038562204004847445,0.0,0.0,19.559870060573648,0,0,0,0.0,0.0,1.0,0,0,0,0,0,0,0,VERIFIED,0.517012,1,0,1,0.0,0,1
217,17.646247990007396,182.0,23.0,335.0,457.0,182.0,23.0,335.0,457.0,182.0,23.4902227890625,334.9019554421875,456.5097772109375,tracker,nan,nan,nan,nan,0.907805860042572,nan,0,nan,nan,nan,TRACKING,0.039938906993484125,0.0,0.0,19.02909340867974,0,0,0,0.0,0.0,1.0,0,0,0,0,0,0,0,VERIFIED,0.517012,1,0,1,0.0,0,1
218,17.695612716008327,182.0,23.0,335.0,457.0,182.0,23.0,335.0,457.0,182.0,23.318644812890625,334.9362710374219,456.6813551871094,tracker,nan,nan,nan,nan,0.9115386605262756,nan,0,nan,nan,nan,TRACKING,0.03679070000362117,0.0,0.0,20.25737973266859,0,0,0,0.0,0.0,1.0,0,0,0,0,0,0,0,VERIFIED,0.517012,1,0,1,0.0,0,1
219,17.74554886300757,182.0,23.0,335.0,457.0,182.0,23.0,335.0,457.0,182.0,23.207119128378906,334.9585761743242,456.7928808716211,tracker,nan,nan,nan,nan,0.9099745154380798,nan,0,nan,nan,nan,TRACKING,0.03734285000246018,0.0,0.0,20.02557385965614,0,0,0,0.0,0.0,1.0,0,0,0,0,0,0,0,VERIFIED,0.517012,1,0,1,0.0,0,1
220,17.990169622004032,182.0,23.0,335.0,457.0,182.0,23.0,335.0,457.0,185.0,35.0,317.0,445.0,detector,185.0,35.0,317.0,445.0,0.9081264138221741,0.986719,1,0.9214213396910416,0.010606601717798212,1.0852798355368092,DETECTOR_CONFIRMED,0.051077479001833126,0.177537289011525,0.0,4.087960498947128,0,0,0,0.0,0.0,1.0,0,0,0,0,0,0,0,VERIFIED,0.517012,1,0,1,0.0,0,1
221,18.06028140000126,182.0,23.0,335.0,457.0,182.0,23.0,335.0,457.0,183.95,30.799999999999997,323.3,449.2,tracker,nan,nan,nan,nan,0.9030346274375916,nan,0,nan,nan,nan,TRACKING,0.045736610001767986,0.0,0.0,14.262938818062194,0,0,0,0.0,0.0,1.0,0,0,0,0,0,0,0,VERIFIED,0.517012,1,0,1,0.0,0,1
222,18.11693813900638,182.0,23.0,335.0,457.0,182.0,23.0,335.0,457.0,183.26749999999998,28.07,327.395,451.93,tracker,nan,nan,nan,nan,0.9100980758666992,nan,0,nan,nan,nan,TRACKING,0.041099145004409365,0.0,0.0,17.65015102456961,0,0,0,0.0,0.0,1.0,0,0,0,0,0,0,0,VERIFIED,0.517012,1,0,1,0.0,0,1
223,18.16903455099964,182.0,23.0,335.0,457.0,182.0,23.0,335.0,457.0,182.823875,26.295499999999997,330.05674999999997,453.7045,tracker,nan,nan,nan,nan,0.9038804173469543,nan,0,nan,nan,nan,TRACKING,0.039532645998406224,0.0,0.0,19.195179893182434,0,0,0,0.0,0.0,1.0,0,0,0,0,0,0,0,VERIFIED,0.517012,1,0,1,0.0,0,1
224,18.217620506009553,182.0,23.0,335.0,457.0,182.0,23.0,335.0,457.0,182.53551875,25.142075,331.7868875,454.857925,tracker,nan,nan,nan,nan,0.9064261317253113,nan,0,nan,nan,nan,TRACKING,0.035948022006778046,0.0,0.0,20.582079734688502,0,0,0,0.0,0.0,1.0,0,0,0,0,0,0,0,VERIFIED,0.517012,1,0,1,0.0,0,1
225,18.270177868005703,182.0,23.0,335.0,457.0,182.0,23.0,335.0,457.0,182.3480871875,24.392348749999996,332.911476875,455.60765125,tracker,nan,nan,nan,nan,0.9084205031394958,nan,0,nan,nan,nan,TRACKING,0.03987062399392016,0.0,0.0,19.026830153180867,0,0,0,0.0,0.0,1.0,0,0,0,0,0,0,0,VERIFIED,0.517012,1,0,1,0.0,0,1
226,18.31901669400395,182.0,23.0,335.0,457.0,182.0,23.0,335.0,457.0,182.226256671875,23.905026687499998,333.64245996875,456.0949733125,tracker,nan,nan,nan,nan,0.9042612314224243,nan,0,nan,nan,nan,TRACKING,0.036185163000482135,0.0,0.0,20.47551265945499,0,0,0,0.0,0.0,1.0,0,0,0,0,0,0,0,VERIFIED,0.517012,1,0,1,0.0,0,1
227,18.368280791997677,182.0,23.0,335.0,457.0,182.0,23.0,335.0,457.0,182.14706683671875,23.588267346875,334.1175989796875,456.411732653125,tracker,nan,nan,nan,nan,0.9044703245162964,nan,0,nan,nan,nan,TRACKING,0.03657959999691229,0.0,0.0,20.298757933765852,0,0,0,0.0,0.0,1.0,0,0,0,0,0,0,0,VERIFIED,0.517012,1,0,1,0.0,0,1
228,18.419089827002608,182.0,23.0,335.0,457.0,182.0,23.0,335.0,457.0,182.0955934438672,23.38237377546875,334.4264393367969,456.61762622453125,tracker,nan,nan,nan,nan,0.9042975306510925,nan,0,nan,nan,nan,TRACKING,0.03795599100703839,0.0,0.0,19.681538921235965,0,0,0,0.0,0.0,1.0,0,0,0,0,0,0,0,VERIFIED,0.517012,1,0,1,0.0,0,1
229,18.47291909600608,182.0,23.0,335.0,457.0,182.0,23.0,335.0,457.0,182.06213573851366,23.248542954054685,334.627185568918,456.7514570459453,tracker,nan,nan,nan,nan,0.9063933491706848,nan,0,nan,nan,nan,TRACKING,0.040972163013066165,0.0,0.0,18.577253945906165,0,0,0,0.0,0.0,1.0,0,0,0,0,0,0,0,VERIFIED,0.517012,1,0,1,0.0,0,1
230,18.702714156010188,182.0,23.0,335.0,457.0,182.0,23.0,335.0,457.0,184.0,33.0,320.0,447.0,detector,184.0,33.0,320.0,447.0,0.8982268571853638,0.986924,1,0.9343218263169927,0.009291292967074066,1.0702950223713648,DETECTOR_CONFIRMED,0.03957910600001924,0.17510811099782586,0.0,4.35170364403014,0,0,0,0.0,0.0,1.0,0,0,0,0,0,0,0,VERIFIED,0.517012,1,0,1,0.0,0,1
231,18.759359645002405,182.0,23.0,335.0,457.0,182.0,23.0,335.0,457.0,183.3,29.5,325.25,450.5,tracker,nan,nan,nan,nan,0.9081651568412781,nan,0,nan,nan,nan,TRACKING,0.038243236995185725,0.0,0.0,17.653656412735682,0,0,0,0.0,0.0,1.0,0,0,0,0,0,0,0,VERIFIED,0.517012,1,0,1,0.0,0,1
232,18.809404127998278,182.0,23.0,335.0,457.0,182.0,23.0,335.0,457.0,182.845,27.225,328.66249999999997,452.775,tracker,nan,nan,nan,nan,0.9030452966690063,nan,0,nan,nan,nan,TRACKING,0.037151177995838225,0.0,0.0,19.982222617475713,0,0,0,0.0,0.0,1.0,0,0,0,0,0,0,0,VERIFIED,0.517012,1,0,1,0.0,0,1
233,18.858103054997628,182.0,23.0,335.0,457.0,182.0,23.0,335.0,457.0,182.54925,25.746250000000003,330.88062499999995,454.25374999999997,tracker,nan,nan,nan,nan,0.9021839499473572,nan,0,nan,nan,nan,TRACKING,0.03590562399767805,0.0,0.0,20.53433333373743,0,0,0,0.0,0.0,1.0,0,0,0,0,0,0,0,VERIFIED,0.517012,1,0,1,0.0,0,1
234,18.946778807003284,182.0,23.0,335.0,457.0,182.0,23.0,335.0,457.0,182.3570125,24.785062500000002,332.32240625,455.21493749999996,tracker,nan,nan,nan,nan,0.8975555896759033,nan,0,nan,nan,nan,TRACKING,0.07425152200448792,0.0,0.0,11.277039972959171,0,0,0,0.0,0.0,1.0,0,0,0,0,0,0,0,VERIFIED,0.517012,1,0,1,0.0,0,1
235,18.998595106997527,182.0,23.0,335.0,457.0,182.0,23.0,335.0,457.0,182.232058125,24.160290625000002,333.2595640625,455.839709375,tracker,nan,nan,nan,nan,0.903666615486145,nan,0,nan,nan,nan,TRACKING,0.039136542996857315,0.0,0.0,19.29894647265625,0,0,0,0.0,0.0,1.0,0,0,0,0,0,0,0,VERIFIED,0.517012,1,0,1,0.0,0,1
236,19.058407189004356,182.0,23.0,335.0,457.0,182.0,23.0,335.0,457.0,182.15083778125,23.75418890625,333.868716640625,456.24581109375,tracker,nan,nan,nan,nan,0.9044772982597351,nan,0,nan,nan,nan,TRACKING,0.04663053998956457,0.0,0.0,16.719030109766585,0,0,0,0.0,0.0,1.0,0,0,0,0,0,0,0,VERIFIED,0.517012,1,0,1,0.0,0,1
237,19.114593395002885,182.0,23.0,335.0,457.0,182.0,23.0,335.0,457.0,182.0980445578125,23.4902227890625,334.26466581640625,456.5097772109375,tracker,nan,nan,nan,nan,0.9045267701148987,nan,0,nan,nan,nan,TRACKING,0.04329336900264025,0.0,0.0,17.79796272462649,0,0,0,0.0,0.0,1.0,0,0,0,0,0,0,0,VERIFIED,0.517012,1,0,1,0.0,0,1
238,19.17157290299656,182.0,23.0,335.0,457.0,182.0,23.0,335.0,457.0,182.06372896257812,23.318644812890625,334.52203278066406,456.6813551871094,tracker,nan,nan,nan,nan,0.9067612290382385,nan,0,nan,nan,nan,TRACKING,0.04413860000204295,0.0,0.0,17.550169090807593,0,0,0,0.0,0.0,1.0,0,0,0,0,0,0,0,VERIFIED,0.517012,1,0,1,0.0,0,1
239,19.228691893003997,182.0,23.0,335.0,457.0,182.0,23.0,335.0,457.0,182.0414238256758,23.207119128378906,334.6893213074316,456.7928808716211,tracker,nan,nan,nan,nan,0.912452757358551,nan,0,nan,nan,nan,TRACKING,0.04380098699766677,0.0,0.0,17.507312364412755,0,0,0,0.0,0.0,1.0,0,0,0,0,0,0,0,VERIFIED,0.517012,1,0,1,0.0,0,1
240,19.54131927099661,182.0,23.0,335.0,457.0,182.0,23.0,335.0,457.0,186.0,34.0,312.0,446.0,detector,186.0,34.0,312.0,446.0,0.9150179028511047,0.98931,1,0.9089258303667658,0.011625672023586421,1.1001997815338622,DETECTOR_CONFIRMED,0.055059770005755126,0.1904781479970552,0.0,3.1986961808048395,0,0,0,0.0,0.0,1.0,0,0,0,0,0,0,0,VERIFIED,nan,0,-1,1,0.05077804399479646,0,1
241,19.59454836900113,182.0,23.0,335.0,457.0,182.0,23.0,335.0,457.0,184.6,30.15,320.05,449.85,tracker,nan,nan,nan,nan,0.922279417514801,nan,0,nan,nan,nan,TRACKING,0.037822133002919145,0.0,0.0,18.78671699293214,0,0,0,0.0,0.0,1.0,0,0,0,0,0,0,0,VERIFIED,nan,0,-1,1,0.0,0,1
242,19.647714079008438,182.0,23.0,335.0,457.0,182.0,23.0,335.0,457.0,183.69,27.6475,325.2825,452.3525,tracker,nan,nan,nan,nan,0.9235645532608032,nan,0,nan,nan,nan,TRACKING,0.040473764995113015,0.0,0.0,18.80911587304255,0,0,0,0.0,0.0,1.0,0,0,0,0,0,0,0,VERIFIED,nan,0,-1,1,0.0,0,1
243,19.712489155004732,182.0,23.0,335.0,457.0,182.0,23.0,335.0,457.0,183.0985,26.020874999999997,328.683625,453.979125,tracker,nan,nan,nan,nan,0.9195430874824524,nan,0,nan,nan,nan,TRACKING,0.04102539300220087,0.0,0.0,15.438036692650176,0,0,0,0.0,0.0,1.0,0,0,0,0,0,0,0,VERIFIED,nan,0,-1,1,0.0,0,1
244,19.76299969200045,182.0,23.0,335.0,457.0,182.0,23.0,335.0,457.0,182.714025,24.96356875,330.89435625,455.03643125,tracker,nan,nan,nan,nan,0.9271475076675415,nan,0,nan,nan,nan,TRACKING,0.03795557400735561,0.0,0.0,19.797849309834227,0,0,0,0.0,0.0,1.0,0,0,0,0,0,0,0,VERIFIED,nan,0,-1,1,0.0,0,1
245,19.823887999998988,182.0,23.0,335.0,457.0,182.0,23.0,335.0,457.0,182.46411625,24.2763196875,332.3313315625,455.7236803125,tracker,nan,nan,nan,nan,0.9284827709197998,nan,0,nan,nan,nan,TRACKING,0.048467722997884266,0.0,0.0,16.423514347352132,0,0,0,0.0,0.0,1.0,0,0,0,0,0,0,0,VERIFIED,nan,0,-1,1,0.0,0,1
246,19.87894235299609,182.0,23.0,335.0,457.0,182.0,23.0,335.0,457.0,182.30167556249998,23.829607796875,333.265365515625,456.170392203125,tracker,nan,nan,nan,nan,0.9272212386131287,nan,0,nan,nan,nan,TRACKING,0.04212083900347352,0.0,0.0,18.163867987924732,0,0,0,0.0,0.0,1.0,0,0,0,0,0,0,0,VERIFIED,nan,0,-1,1,0.0,0,1
247,19.933479454004555,182.0,23.0,335.0,457.0,182.0,23.0,335.0,457.0,182.196089115625,23.53924506796875,333.87248758515625,456.46075493203125,tracker,nan,nan,nan,nan,0.9202468991279602,nan,0,nan,nan,nan,TRACKING,0.04198224199353717,0.0,0.0,18.336141479995597,0,0,0,0.0,0.0,1.0,0,0,0,0,0,0,0,VERIFIED,nan,0,-1,1,0.0,0,1
248,19.990498598010163,182.0,23.0,335.0,457.0,182.0,23.0,335.0,457.0,182.12745792515625,23.350509294179687,334.26711693035156,456.6494907058203,tracker,nan,nan,nan,nan,0.9196286797523499,nan,0,nan,nan,nan,TRACKING,0.044451159992604516,0.0,0.0,17.537969351164765,0,0,0,0.0,0.0,1.0,0,0,0,0,0,0,0,VERIFIED,nan,0,-1,1,0.0,0,1
249,20.043115595995914,182.0,23.0,335.0,457.0,182.0,23.0,335.0,457.0,182.08284765135156,23.227831041216795,334.5236260047285,456.7721689587832,tracker,nan,nan,nan,nan,0.9224738478660583,nan,0,nan,nan,nan,TRACKING,0.040534650994231924,0.0,0.0,19.005265185801726,0,0,0,0.0,0.0,1.0,0,0,0,0,0,0,0,VERIFIED,nan,0,-1,1,0.0,0,1
250,20.249846669001272,182.0,23.0,335.0,457.0,182.0,23.0,335.0,457.0,184.0,37.0,320.0,443.0,detector,184.0,37.0,320.0,443.0,0.9209765791893005,0.986667,1,0.9259610046049839,0.011127808634228036,1.079959085778781,DETECTOR_CONFIRMED,0.04064679000293836,0.152270223989035,0.0,4.837202194437812,0,0,0,0.0,0.0,1.0,0,0,0,0,0,0,0,VERIFIED,nan,0,-1,1,0.0,0,1
251,20.307699272001628,182.0,23.0,335.0,457.0,182.0,23.0,335.0,457.0,183.3,32.1,325.25,447.9,tracker,nan,nan,nan,nan,0.9170634150505066,nan,0,nan,nan,nan,TRACKING,0.041893749992595986,0.0,0.0,17.28530693759533,0,0,0,0.0,0.0,1.0,0,0,0,0,0,0,0,VERIFIED,nan,0,-1,1,0.0,0,1
252,20.36290420300793,182.0,23.0,335.0,457.0,182.0,23.0,335.0,457.0,182.845,28.915,328.66249999999997,451.085,tracker,nan,nan,nan,nan,0.9172082543373108,nan,0,nan,nan,nan,TRACKING,0.04147082100098487,0.0,0.0,18.114323879616084,0,0,0,0.0,0.0,1.0,0,0,0,0,0,0,0,VERIFIED,nan,0,-1,1,0.0,0,1
253,20.41932932099735,182.0,23.0,335.0,457.0,182.0,23.0,335.0,457.0,182.54925,26.844749999999998,330.88062499999995,453.15524999999997,tracker,nan,nan,nan,nan,0.9171606302261353,nan,0,nan,nan,nan,TRACKING,0.0433039950003149,0.0,0.0,17.722603614005838,0,0,0,0.0,0.0,1.0,0,0,0,0,0,0,0,VERIFIED,nan,0,-1,1,0.0,0,1
254,20.481055411000852,182.0,23.0,335.0,457.0,182.0,23.0,335.0,457.0,182.3570125,25.499087499999995,332.32240625,454.50091249999997,tracker,nan,nan,nan,nan,0.9144237637519836,nan,0,nan,nan,nan,TRACKING,0.04896851799276192,0.0,0.0,16.200604962071004,0,0,0,0.0,0.0,1.0,0,0,0,0,0,0,0,VERIFIED,nan,0,-1,1,0.0,0,1
255,20.53525208600331,182.0,23.0,335.0,457.0,182.0,23.0,335.0,457.0,182.232058125,24.624406875,333.2595640625,455.37559312499997,tracker,nan,nan,nan,nan,0.9098861217498779,nan,0,nan,nan,nan,TRACKING,0.041401914000744,0.0,0.0,18.451316431398002,0,0,0,0.0,0.0,1.0,0,0,0,0,0,0,0,VERIFIED,nan,0,-1,1,0.0,0,1
256,20.599520274001407,182.0,23.0,335.0,457.0,182.0,23.0,335.0,457.0,182.15083778125,24.055864468749995,333.868716640625,455.94413553124997,tracker,nan,nan,nan,nan,0.9125856161117554,nan,0,nan,nan,nan,TRACKING,0.05158238799776882,0.0,0.0,15.55979764093603,0,0,0,0.0,0.0,1.0,0,0,0,0,0,0,0,VERIFIED,nan,0,-1,1,0.0,0,1
257,20.65248373900249,182.0,23.0,335.0,457.0,182.0,23.0,335.0,457.0,182.0980445578125,23.686311904687496,334.26466581640625,456.3136880953125,tracker,nan,nan,nan,nan,0.9107301831245422,nan,0,nan,nan,nan,TRACKING,0.040067504000035115,0.0,0.0,18.88093990790665,0,0,0,0.0,0.0,1.0,0,0,0,0,0,0,0,VERIFIED,nan,0,-1,1,0.0,0,1
258,20.7003749889991,182.0,23.0,335.0,457.0,182.0,23.0,335.0,457.0,182.06372896257812,23.44610273804687,334.52203278066406,456.5538972619531,tracker,nan,nan,nan,nan,0.9127010703086853,nan,0,nan,nan,nan,TRACKING,0.03546519699739292,0.0,0.0,20.880641037157847,0,0,0,0.0,0.0,1.0,0,0,0,0,0,0,0,VERIFIED,nan,0,-1,1,0.0,0,1
259,20.790074413002003,182.0,23.0,335.0,457.0,182.0,23.0,335.0,457.0,182.0414238256758,23.289966779730467,334.6893213074316,456.7100332202695,tracker,nan,nan,nan,nan,0.9203203916549683,nan,0,nan,nan,nan,TRACKING,0.07718784800090361,0.0,0.0,11.148343605502433,0,0,0,0.0,0.0,1.0,0,0,0,0,0,0,0,VERIFIED,nan,0,-1,1,0.0,0,1
260,21.048873927997192,182.0,23.0,335.0,457.0,182.0,23.0,335.0,457.0,184.0,37.0,318.0,443.0,detector,184.0,37.0,318.0,443.0,0.9162378311157227,0.987085,1,0.9201737483262027,0.01194060823408925,1.0867512812868236,DETECTOR_CONFIRMED,0.0372425350069534,0.20760281299590133,0.0,3.863994876569178,0,0,0,0.0,0.0,1.0,0,0,0,0,0,0,0,VERIFIED,nan,0,-1,1,0.0,0,1
261,21.120264384997427,182.0,23.0,335.0,457.0,182.0,23.0,335.0,457.0,183.3,32.1,323.95,447.9,tracker,nan,nan,nan,nan,0.9111347794532776,nan,0,nan,nan,nan,TRACKING,0.05282898299628869,0.0,0.0,14.007474416317574,0,0,0,0.0,0.0,1.0,0,0,0,0,0,0,0,VERIFIED,nan,0,-1,1,0.0,0,1
262,21.180543406007928,182.0,23.0,335.0,457.0,182.0,23.0,335.0,457.0,182.845,28.915,327.8175,451.085,tracker,nan,nan,nan,nan,0.9154608249664307,nan,0,nan,nan,nan,TRACKING,0.04781020600057673,0.0,0.0,16.58951959133159,0,0,0,0.0,0.0,1.0,0,0,0,0,0,0,0,VERIFIED,nan,0,-1,1,0.0,0,1
263,21.239409212997998,182.0,23.0,335.0,457.0,182.0,23.0,335.0,457.0,182.54925,26.844749999999998,330.331375,453.15524999999997,tracker,nan,nan,nan,nan,0.9193957448005676,nan,0,nan,nan,nan,TRACKING,0.0463954300066689,0.0,0.0,16.98779055502771,0,0,0,0.0,0.0,1.0,0,0,0,0,0,0,0,VERIFIED,nan,0,-1,1,0.0,0,1
264,21.30364224400546,182.0,23.0,335.0,457.0,182.0,23.0,335.0,457.0,182.3570125,25.499087499999995,331.96539375,454.50091249999997,tracker,nan,nan,nan,nan,0.9155303835868835,nan,0,nan,nan,nan,TRACKING,0.05149832299503032,0.0,0.0,15.568314063894025,0,0,0,0.0,0.0,1.0,0,0,0,0,0,0,0,VERIFIED,nan,0,-1,1,0.0,0,1
265,21.35410486299952,182.0,23.0,335.0,457.0,182.0,23.0,335.0,457.0,182.232058125,24.624406875,333.0275059375,455.37559312499997,tracker,nan,nan,nan,nan,0.9029613137245178,nan,0,nan,nan,nan,TRACKING,0.038074169991887175,0.0,0.0,19.816648836987493,0,0,0,0.0,0.0,1.0,0,0,0,0,0,0,0,VERIFIED,nan,0,-1,1,0.0,0,1
266,21.403099579008995,182.0,23.0,335.0,457.0,182.0,23.0,335.0,457.0,182.15083778125,24.055864468749995,333.717878859375,455.94413553124997,tracker,nan,nan,nan,nan,0.9193106293678284,nan,0,nan,nan,nan,TRACKING,0.03661642500082962,0.0,0.0,20.41036424839415,0,0,0,0.0,0.0,1.0,0,0,0,0,0,0,0,VERIFIED,nan,0,-1,1,0.0,0,1
267,21.45345131000795,182.0,23.0,335.0,457.0,182.0,23.0,335.0,457.0,182.0980445578125,23.686311904687496,334.16662125859375,456.3136880953125,tracker,nan,nan,nan,nan,0.9070442318916321,nan,0,nan,nan,nan,TRACKING,0.037884946999838576,0.0,0.0,19.86029040433107,0,0,0,0.0,0.0,1.0,0,0,0,0,0,0,0,VERIFIED,nan,0,-1,1,0.0,0,1
268,21.50380225900153,182.0,23.0,335.0,457.0,182.0,23.0,335.0,457.0,182.06372896257812,23.44610273804687,334.45830381808594,456.5538972619531,tracker,nan,nan,nan,nan,0.9169813394546509,nan,0,nan,nan,nan,TRACKING,0.037565199003438465,0.0,0.0,19.860598856388183,0,0,0,0.0,0.0,1.0,0,0,0,0,0,0,0,VERIFIED,nan,0,-1,1,0.0,0,1
269,21.552563896009815,182.0,23.0,335.0,457.0,182.0,23.0,335.0,457.0,182.0414238256758,23.289966779730467,334.6478974817559,456.7100332202695,tracker,nan,nan,nan,nan,0.9068264365196228,nan,0,nan,nan,nan,TRACKING,0.03609823300212156,0.0,0.0,20.507925109858945,0,0,0,0.0,0.0,1.0,0,0,0,0,0,0,0,VERIFIED,nan,0,-1,1,0.0,0,1
270,21.875045749999117,182.0,23.0,335.0,457.0,182.0,23.0,335.0,457.0,185.0,38.0,316.0,442.0,detector,185.0,38.0,316.0,442.0,0.8995746970176697,0.987419,1,0.9123224141872693,0.012405895775799505,1.0961037287358955,DETECTOR_CONFIRMED,0.044609757998841815,0.2109102959948359,0.0,3.1009496740029703,0,0,0,0.0,0.0,1.0,0,0,0,0,0,0,0,VERIFIED,nan,0,-1,1,0.049961148004513234,0,1
271,21.92887538400828,182.0,23.0,335.0,457.0,182.0,23.0,335.0,457.0,183.95,32.75,322.65,447.25,tracker,nan,nan,nan,nan,0.9007380604743958,nan,0,nan,nan,nan,TRACKING,0.040932839998276904,0.0,0.0,18.577127978053817,0,0,0,0.0,0.0,1.0,0,0,0,0,0,0,0,VERIFIED,nan,0,-1,1,0.0,0,1
272,21.98168712700135,182.0,23.0,335.0,457.0,182.0,23.0,335.0,457.0,183.26749999999998,29.3375,326.97249999999997,450.6625,tracker,nan,nan,nan,nan,0.897013783454895,nan,0,nan,nan,nan,TRACKING,0.04043642000760883,0.0,0.0,18.935182656841853,0,0,0,0.0,0.0,1.0,0,0,0,0,0,0,0,VERIFIED,nan,0,-1,1,0.0,0,1
273,22.03497810100089,182.0,23.0,335.0,457.0,182.0,23.0,335.0,457.0,182.823875,27.119374999999998,329.78212499999995,452.880625,tracker,nan,nan,nan,nan,0.9020982384681702,nan,0,nan,nan,nan,TRACKING,0.04104570699564647,0.0,0.0,18.764903790436975,0,0,0,0.0,0.0,1.0,0,0,0,0,0,0,0,VERIFIED,nan,0,-1,1,0.0,0,1
274,22.083535722005763,182.0,23.0,335.0,457.0,182.0,23.0,335.0,457.0,182.53551875,25.67759375,331.60838125,454.32240625,tracker,nan,nan,nan,nan,0.910245418548584,nan,0,nan,nan,nan,TRACKING,0.03611932801140938,0.0,0.0,20.594089646599606,0,0,0,0.0,0.0,1.0,0,0,0,0,0,0,0,VERIFIED,nan,0,-1,1,0.0,0,1
275,22.133148474997142,182.0,23.0,335.0,457.0,182.0,23.0,335.0,457.0,182.3480871875,24.740435937500003,332.79544781249996,455.2595640625,tracker,nan,nan,nan,nan,0.9064372777938843,nan,0,nan,nan,nan,TRACKING,0.037101748996065,0.0,0.0,20.15610784940237,0,0,0,0.0,0.0,1.0,0,0,0,0,0,0,0,VERIFIED,nan,0,-1,1,0.0,0,1
276,22.18232970700774,182.0,23.0,335.0,457.0,182.0,23.0,335.0,457.0,182.226256671875,24.131283359375004,333.567041078125,455.868716640625,tracker,nan,nan,nan,nan,0.9084222316741943,nan,0,nan,nan,nan,TRACKING,0.036720489006256685,0.0,0.0,20.332959527824418,0,0,0,0.0,0.0,1.0,0,0,0,0,0,0,0,VERIFIED,nan,0,-1,1,0.0,0,1
277,22.231468906000373,182.0,23.0,335.0,457.0,182.0,23.0,335.0,457.0,182.14706683671875,23.73533418359375,334.06857670078125,456.26466581640625,tracker,nan,nan,nan,nan,0.8989794850349426,nan,0,nan,nan,nan,TRACKING,0.036464962002355605,0.0,0.0,20.350352071263856,0,0,0,0.0,0.0,1.0,0,0,0,0,0,0,0,VERIFIED,nan,0,-1,1,0.0,0,1
278,22.282633783004712,182.0,23.0,335.0,457.0,182.0,23.0,335.0,457.0,182.0955934438672,23.477967219335937,334.3945748555078,456.52203278066406,tracker,nan,nan,nan,nan,0.8989872336387634,nan,0,nan,nan,nan,TRACKING,0.03844709700206295,0.0,0.0,19.54465755708137,0,0,0,0.0,0.0,1.0,0,0,0,0,0,0,0,VERIFIED,nan,0,-1,1,0.0,0,1
279,22.338190754002426,182.0,23.0,335.0,457.0,182.0,23.0,335.0,457.0,182.06213573851366,23.31067869256836,334.6064736560801,456.6893213074316,tracker,nan,nan,nan,nan,0.8947320580482483,nan,0,nan,nan,nan,TRACKING,0.04249277600320056,0.0,0.0,17.9995414084248,0,0,0,0.0,0.0,1.0,0,0,0,0,0,0,0,VERIFIED,nan,0,-1,1,0.0,0,1
280,22.58032790600555,182.0,23.0,335.0,457.0,182.0,23.0,335.0,457.0,184.0,36.0,323.0,444.0,detector,184.0,36.0,323.0,444.0,0.908816397190094,0.985502,1,0.9367516901270453,0.009540210951546092,1.0675187571472402,DETECTOR_CONFIRMED,0.04045522300293669,0.1874211410031421,0.0,4.1298908148845195,0,0,0,0.0,0.0,1.0,0,0,0,0,0,0,0,VERIFIED,nan,0,-1,1,0.0,0,1
281,22.636190302000614,182.0,23.0,335.0,457.0,182.0,23.0,335.0,457.0,183.3,31.450000000000003,327.2,448.55,tracker,nan,nan,nan,nan,0.9329919219017029,nan,0,nan,nan,nan,TRACKING,0.04213552598957904,0.0,0.0,17.90112977052336,0,0,0,0.0,0.0,1.0,0,0,0,0,0,0,0,VERIFIED,nan,0,-1,1,0.0,0,1
282,22.68393212099909,182.0,23.0,335.0,457.0,182.0,23.0,335.0,457.0,182.845,28.4925,329.93,451.5075,tracker,nan,nan,nan,nan,0.9370424151420593,nan,0,nan,nan,nan,TRACKING,0.035380246001295745,0.0,0.0,20.945997052017447,0,0,0,0.0,0.0,1.0,0,0,0,0,0,0,0,VERIFIED,nan,0,-1,1,0.0,0,1
283,22.733049026996014,182.0,23.0,335.0,457.0,182.0,23.0,335.0,457.0,182.54925,26.570124999999997,331.7045,453.429875,tracker,nan,nan,nan,nan,0.9422659873962402,nan,0,nan,nan,nan,TRACKING,0.03664470699732192,0.0,0.0,20.35958861216954,0,0,0,0.0,0.0,1.0,0,0,0,0,0,0,0,VERIFIED,nan,0,-1,1,0.0,0,1
284,22.82198218200938,182.0,23.0,335.0,457.0,182.0,23.0,335.0,457.0,182.3570125,25.320581249999996,332.85792499999997,454.67941874999997,tracker,nan,nan,nan,nan,0.945000946521759,nan,0,nan,nan,nan,TRACKING,0.07630225199682172,0.0,0.0,11.24440035720898,0,0,0,0.0,0.0,1.0,0,0,0,0,0,0,0,VERIFIED,nan,0,-1,1,0.0,0,1
285,22.871870098009822,182.0,23.0,335.0,457.0,182.0,23.0,335.0,457.0,182.232058125,24.508377812499994,333.60765124999995,455.49162218749996,tracker,nan,nan,nan,nan,0.9376419186592102,nan,0,nan,nan,nan,TRACKING,0.03748170800099615,0.0,0.0,20.044934328207052,0,0,0,0.0,0.0,1.0,0,0,0,0,0,0,0,VERIFIED,nan,0,-1,1,0.0,0,1
286,22.92368801300472,182.0,23.0,335.0,457.0,182.0,23.0,335.0,457.0,182.15083778125,23.980445578124996,334.0949733125,456.01955442187494,tracker,nan,nan,nan,nan,0.9305015802383423,nan,0,nan,nan,nan,TRACKING,0.03938071499578655,0.0,0.0,19.29834498548306,0,0,0,0.0,0.0,1.0,0,0,0,0,0,0,0,VERIFIED,nan,0,-1,1,0.0,0,1
287,22.976350273005664,182.0,23.0,335.0,457.0,182.0,23.0,335.0,457.0,182.0980445578125,23.637289625781246,334.411732653125,456.3627103742187,tracker,nan,nan,nan,nan,0.9226765036582947,nan,0,nan,nan,nan,TRACKING,0.04002817999571562,0.0,0.0,18.988930592460132,0,0,0,0.0,0.0,1.0,0,0,0,0,0,0,0,VERIFIED,nan,0,-1,1,0.0,0,1
288,23.02738519900595,182.0,23.0,335.0,457.0,182.0,23.0,335.0,457.0,182.06372896257812,23.41423825675781,334.61762622453125,456.58576174324213,tracker,nan,nan,nan,nan,0.9166969060897827,nan,0,nan,nan,nan,TRACKING,0.03818026698718313,0.0,0.0,19.59442441426161,0,0,0,0.0,0.0,1.0,0,0,0,0,0,0,0,VERIFIED,nan,0,-1,1,0.0,0,1
289,23.082365955997375,182.0,23.0,335.0,457.0,182.0,23.0,335.0,457.0,182.0414238256758,23.269254866892574,334.7514570459453,456.7307451331074,tracker,nan,nan,nan,nan,0.9140588641166687,nan,0,nan,nan,nan,TRACKING,0.04154061499866657,0.0,0.0,18.188181733400597,0,0,0,0.0,0.0,1.0,0,0,0,0,0,0,0,VERIFIED,nan,0,-1,1,0.0,0,1
290,23.356377795003937,182.0,23.0,335.0,457.0,182.0,23.0,335.0,457.0,180.0,34.0,332.0,446.0,detector,180.0,34.0,332.0,446.0,0.9163410663604736,0.985252,1,0.9557949697052348,0.008149003006503312,1.033922686260738,DETECTOR_CONFIRMED,0.04241001300397329,0.21744036200107075,0.0,3.649477349685073,0,0,0,0.0,0.0,1.0,0,0,0,0,0,0,0,VERIFIED,nan,0,-1,1,0.0,0,1
291,23.407333448005375,182.0,23.0,335.0,457.0,182.0,23.0,335.0,457.0,180.7,30.15,333.05,449.85,tracker,nan,nan,nan,nan,0.9323908090591431,nan,0,nan,nan,nan,TRACKING,0.037041592004243284,0.0,0.0,19.624907956174784,0,0,0,0.0,0.0,1.0,0,0,0,0,0,0,0,VERIFIED,nan,0,-1,1,0.0,0,1
292,23.457159957004478,182.0,23.0,335.0,457.0,182.0,23.0,335.0,457.0,181.155,27.6475,333.7325,452.3525,tracker,nan,nan,nan,nan,0.9333119988441467,nan,0,nan,nan,nan,TRACKING,0.036345011001685634,0.0,0.0,20.06963803179526,0,0,0,0.0,0.0,1.0,0,0,0,0,0,0,0,VERIFIED,nan,0,-1,1,0.0,0,1
293,23.506514838009025,182.0,23.0,335.0,457.0,182.0,23.0,335.0,457.0,181.45075,26.020874999999997,334.176125,453.979125,tracker,nan,nan,nan,nan,0.9277940392494202,nan,0,nan,nan,nan,TRACKING,0.036891327996272594,0.0,0.0,20.26142054537374,0,0,0,0.0,0.0,1.0,0,0,0,0,0,0,0,VERIFIED,nan,0,-1,1,0.0,0,1
294,23.5558370630024,182.0,23.0,335.0,457.0,182.0,23.0,335.0,457.0,181.6429875,24.96356875,334.46448125,455.03643125,tracker,nan,nan,nan,nan,0.9297306537628174,nan,0,nan,nan,nan,TRACKING,0.03669074900972191,0.0,0.0,20.274835535791787,0,0,0,0.0,0.0,1.0,0,0,0,0,0,0,0,VERIFIED,nan,0,-1,1,0.0,0,1
295,23.621051838010317,182.0,23.0,335.0,457.0,182.0,23.0,335.0,457.0,181.767941875,24.2763196875,334.6519128125,455.7236803125,tracker,nan,nan,nan,nan,0.9307796955108643,nan,0,nan,nan,nan,TRACKING,0.04051600499951746,0.0,0.0,15.333948478371765,0,0,0,0.0,0.0,1.0,0,0,0,0,0,0,0,VERIFIED,nan,0,-1,1,0.0,0,1
296,23.68255432799924,182.0,23.0,335.0,457.0,182.0,23.0,335.0,457.0,181.84916221875,23.829607796875,334.77374332812497,456.170392203125,tracker,nan,nan,nan,nan,0.9237701892852783,nan,0,nan,nan,nan,TRACKING,0.047220919994288124,0.0,0.0,16.25950429291684,0,0,0,0.0,0.0,1.0,0,0,0,0,0,0,0,VERIFIED,nan,0,-1,1,0.0,0,1
297,23.743772332003573,182.0,23.0,335.0,457.0,182.0,23.0,335.0,457.0,181.9019554421875,23.53924506796875,334.8529331632812,456.46075493203125,tracker,nan,nan,nan,nan,0.9241935014724731,nan,0,nan,nan,nan,TRACKING,0.047705203003715724,0.0,0.0,16.33506378171441,0,0,0,0.0,0.0,1.0,0,0,0,0,0,0,0,VERIFIED,nan,0,-1,1,0.0,0,1
298,23.803426233003847,182.0,23.0,335.0,457.0,182.0,23.0,335.0,457.0,181.93627103742188,23.350509294179687,334.90440655613276,456.6494907058203,tracker,nan,nan,nan,nan,0.925691545009613,nan,0,nan,nan,nan,TRACKING,0.04693091299850494,0.0,0.0,16.763363053078475,0,0,0,0.0,0.0,1.0,0,0,0,0,0,0,0,VERIFIED,nan,0,-1,1,0.0,0,1
299,23.86414833900926,182.0,23.0,335.0,457.0,182.0,23.0,335.0,457.0,181.9585761743242,23.227831041216795,334.9378642614863,456.7721689587832,tracker,nan,nan,nan,nan,0.9239670038223267,nan,0,nan,nan,nan,TRACKING,0.04735206899931654,0.0,0.0,16.46846701777493,0,0,0,0.0,0.0,1.0,0,0,0,0,0,0,0,VERIFIED,nan,0,-1,1,0.0,0,1
